#Data tag : 19v3 , Norm tag: None
#run:fill,ls,time,beamstatus,E(GeV),delivered(hz/ub),recorded(hz/ub),avgpu,source
274954:5005,35:35,1465638005,STABLE BEAMS,6500,2473.870665676,2373.771873283,29.9,HFOC
274954:5005,36:36,1465638028,STABLE BEAMS,6500,2473.497951951,1301.186844547,29.9,HFOC
274954:5005,37:37,1465638051,STABLE BEAMS,6500,2475.521047953,300.001784408,29.9,HFOC
274954:5005,38:38,1465638075,STABLE BEAMS,6500,2473.365947169,0,29.9,HFOC
274954:5005,39:39,1465638098,STABLE BEAMS,6500,2472.268504826,1340.120930056,29.9,HFOC
274954:5005,40:40,1465638121,STABLE BEAMS,6500,2471.569741685,2258.427880852,29.9,HFOC
274954:5005,41:41,1465638145,STABLE BEAMS,6500,2470.338508921,2240.837268563,29.8,HFOC
274954:5005,42:42,1465638168,STABLE BEAMS,6500,2469.145571732,2210.629730319,29.8,HFOC
274954:5005,43:43,1465638191,STABLE BEAMS,6500,2467.892947642,2223.909155177,29.8,HFOC
274954:5005,44:44,1465638215,STABLE BEAMS,6500,2463.216205614,2219.214452054,29.7,HFOC
274954:5005,45:45,1465638238,STABLE BEAMS,6500,2463.651605925,2217.431267620,29.8,HFOC
274954:5005,46:46,1465638261,STABLE BEAMS,6500,2449.169960024,2197.070942587,29.6,HFOC
274954:5005,47:47,1465638285,STABLE BEAMS,6500,2439.222596467,2220.135826938,29.5,HFOC
274954:5005,48:48,1465638308,STABLE BEAMS,6500,2441.307798184,2219.385015687,29.5,HFOC
274954:5005,49:49,1465638331,STABLE BEAMS,6500,2449.228581913,2231.535190528,29.6,HFOC
274954:5005,50:50,1465638354,STABLE BEAMS,6500,2452.769136456,2234.686034930,29.6,HFOC
274954:5005,51:51,1465638378,STABLE BEAMS,6500,2449.378575234,2199.946552046,29.6,HFOC
274954:5005,52:52,1465638401,STABLE BEAMS,6500,2443.173122853,2206.753003522,29.5,HFOC
274954:5005,53:53,1465638424,STABLE BEAMS,6500,2432.948632514,2214.990394459,29.4,HFOC
274954:5005,54:54,1465638448,STABLE BEAMS,6500,2439.452286892,2186.117457950,29.5,HFOC
274954:5005,55:55,1465638471,STABLE BEAMS,6500,2446.261483791,2158.068284774,29.5,HFOC
274954:5005,56:56,1465638494,STABLE BEAMS,6500,2444.273846224,2219.216226512,29.5,HFOC
274954:5005,57:57,1465638518,STABLE BEAMS,6500,2436.478033108,1543.683636569,29.4,HFOC
274954:5005,58:0,1465638541,STABLE BEAMS,6500,2421.772854665,0,29.2,HFOC
274954:5005,59:0,1465638564,STABLE BEAMS,6500,1955.941917467,0,23.6,HFOC
274954:5005,60:0,1465638588,STABLE BEAMS,6500,1214.824582586,0,14.7,HFOC
274954:5005,61:0,1465638611,STABLE BEAMS,6500,2055.972388082,0,24.8,HFOC
274954:5005,62:0,1465638634,STABLE BEAMS,6500,2382.132686000,0,28.8,HFOC
274954:5005,63:0,1465638657,STABLE BEAMS,6500,1925.865313491,0,23.3,HFOC
274954:5005,64:0,1465638681,STABLE BEAMS,6500,1212.764725695,0,14.6,HFOC
274954:5005,65:0,1465638704,STABLE BEAMS,6500,1471.011903002,0,17.8,HFOC
274955:5005,1:1,1465638727,STABLE BEAMS,6500,748.411862752,737.593163661,9.0,HFOC
274955:5005,2:2,1465638751,STABLE BEAMS,6500,1834.738580174,1784.734498154,22.2,HFOC
274955:5005,3:3,1465638774,STABLE BEAMS,6500,2314.689400253,2228.136469627,28.0,HFOC
274955:5005,4:4,1465638797,STABLE BEAMS,6500,1539.705186980,1505.278017377,18.6,HFOC
274955:5005,5:5,1465638821,STABLE BEAMS,6500,728.438726963,717.822457118,8.8,HFOC
274955:5005,6:6,1465638844,STABLE BEAMS,6500,2016.838313466,1956.595462517,24.4,HFOC
274955:5005,7:7,1465638867,STABLE BEAMS,6500,2341.516548751,2257.304143119,28.3,HFOC
274955:5005,8:8,1465638890,STABLE BEAMS,6500,2398.063423104,2307.179631471,29.0,HFOC
274955:5005,9:9,1465638914,STABLE BEAMS,6500,2414.492613938,2321.968750336,29.2,HFOC
274955:5005,10:10,1465638937,STABLE BEAMS,6500,2429.912708551,2330.266189020,29.3,HFOC
274955:5005,11:11,1465638960,STABLE BEAMS,6500,2424.792171997,2328.298407329,29.3,HFOC
274955:5005,12:12,1465638984,STABLE BEAMS,6500,2426.963823233,2333.106162221,29.3,HFOC
274955:5005,13:13,1465639007,STABLE BEAMS,6500,2423.933675185,2281.797628050,29.3,HFOC
274955:5005,14:14,1465639030,STABLE BEAMS,6500,2429.710283574,2335.575609585,29.3,HFOC
274955:5005,15:15,1465639054,STABLE BEAMS,6500,2430.702171928,2336.598159236,29.4,HFOC
274955:5005,16:16,1465639077,STABLE BEAMS,6500,2425.501161601,2331.579448410,29.3,HFOC
274955:5005,17:17,1465639100,STABLE BEAMS,6500,2422.542640545,2326.499806346,29.3,HFOC
274955:5005,18:18,1465639124,STABLE BEAMS,6500,2417.419935563,2324.640509362,29.2,HFOC
274955:5005,19:19,1465639147,STABLE BEAMS,6500,2417.441661854,2324.865092097,29.2,HFOC
274955:5005,20:20,1465639170,STABLE BEAMS,6500,2413.431245121,2318.325169166,29.1,HFOC
274955:5005,21:21,1465639194,STABLE BEAMS,6500,2413.227565867,2320.909431785,29.1,HFOC
274955:5005,22:22,1465639217,STABLE BEAMS,6500,2417.766054394,2325.385382076,29.2,HFOC
274955:5005,23:23,1465639240,STABLE BEAMS,6500,2418.286267615,2322.901168961,29.2,HFOC
274955:5005,24:24,1465639264,STABLE BEAMS,6500,2421.610174879,2322.874303882,29.2,HFOC
274955:5005,25:25,1465639287,STABLE BEAMS,6500,2408.932919587,2314.755769229,29.1,HFOC
274955:5005,26:26,1465639310,STABLE BEAMS,6500,2396.866401130,2306.550778461,28.9,HFOC
274955:5005,27:27,1465639333,STABLE BEAMS,6500,2403.338921994,2309.743052849,29.0,HFOC
274955:5005,28:28,1465639357,STABLE BEAMS,6500,2405.319713602,2314.296722622,29.1,HFOC
274955:5005,29:29,1465639380,STABLE BEAMS,6500,2411.117933736,2319.301288836,29.1,HFOC
274955:5005,30:30,1465639403,STABLE BEAMS,6500,2464.373412852,2367.524037338,29.8,HFOC
274955:5005,31:31,1465639427,STABLE BEAMS,6500,2471.750744918,2375.223653318,29.9,HFOC
274955:5005,32:32,1465639450,STABLE BEAMS,6500,2469.542579757,2376.027540705,29.8,HFOC
274955:5005,33:33,1465639473,STABLE BEAMS,6500,2480.672120447,2383.706158693,30.0,HFOC
274955:5005,34:34,1465639497,STABLE BEAMS,6500,2476.356404764,2383.722981897,29.9,HFOC
274955:5005,35:35,1465639520,STABLE BEAMS,6500,2473.811533768,2344.146061057,29.9,HFOC
274955:5005,36:36,1465639543,STABLE BEAMS,6500,2474.890210048,2375.223668979,29.9,HFOC
274955:5005,37:37,1465639567,STABLE BEAMS,6500,2478.575308968,2384.249370154,29.9,HFOC
274955:5005,38:38,1465639590,STABLE BEAMS,6500,2479.147491368,2381.735867060,29.9,HFOC
274955:5005,39:39,1465639613,STABLE BEAMS,6500,2467.124537082,2368.080649627,29.8,HFOC
274955:5005,40:40,1465639636,STABLE BEAMS,6500,2454.554975171,2362.653798627,29.6,HFOC
274955:5005,41:41,1465639660,STABLE BEAMS,6500,2449.977936695,2358.695830188,29.6,HFOC
274955:5005,42:42,1465639683,STABLE BEAMS,6500,2451.055326772,2360.112667970,29.6,HFOC
274955:5005,43:43,1465639706,STABLE BEAMS,6500,2449.754973192,2355.918086727,29.6,HFOC
274955:5005,44:44,1465639730,STABLE BEAMS,6500,2451.132782496,2360.232467427,29.6,HFOC
274955:5005,45:45,1465639753,STABLE BEAMS,6500,2453.244880665,2362.185412635,29.6,HFOC
274955:5005,46:46,1465639776,STABLE BEAMS,6500,2456.777696763,2362.081810450,29.7,HFOC
274955:5005,47:47,1465639800,STABLE BEAMS,6500,2464.149597800,2371.644338865,29.8,HFOC
274955:5005,48:48,1465639823,STABLE BEAMS,6500,2455.268808039,2360.793369397,29.7,HFOC
274955:5005,49:49,1465639846,STABLE BEAMS,6500,2454.586369517,2363.115424518,29.6,HFOC
274955:5005,50:50,1465639870,STABLE BEAMS,6500,2453.615957598,2362.094313786,29.6,HFOC
274955:5005,51:51,1465639893,STABLE BEAMS,6500,2447.444857621,2354.031981099,29.6,HFOC
274955:5005,52:52,1465639916,STABLE BEAMS,6500,2378.023947360,2287.202961145,28.7,HFOC
274955:5005,53:53,1465639940,STABLE BEAMS,6500,2382.820576557,2294.359599212,28.8,HFOC
274955:5005,54:54,1465639963,STABLE BEAMS,6500,2382.364238578,2293.604927101,28.8,HFOC
274955:5005,55:55,1465639986,STABLE BEAMS,6500,2381.014519194,2292.396233763,28.8,HFOC
274955:5005,56:56,1465640010,STABLE BEAMS,6500,2376.942445709,2286.359986950,28.7,HFOC
274955:5005,57:57,1465640033,STABLE BEAMS,6500,2372.512481024,2280.118807965,28.7,HFOC
274955:5005,58:58,1465640056,STABLE BEAMS,6500,2376.972939050,2290.607516008,28.7,HFOC
274955:5005,59:59,1465640079,STABLE BEAMS,6500,2378.870321539,2292.171623396,28.7,HFOC
274955:5005,60:60,1465640103,STABLE BEAMS,6500,2371.474783673,2276.863785787,28.6,HFOC
274955:5005,61:61,1465640126,STABLE BEAMS,6500,2360.545099923,2274.263236205,28.5,HFOC
274955:5005,62:62,1465640149,STABLE BEAMS,6500,2368.881747368,2249.648732426,28.6,HFOC
274955:5005,63:63,1465640173,STABLE BEAMS,6500,2379.762307851,2288.784335984,28.7,HFOC
274955:5005,64:64,1465640196,STABLE BEAMS,6500,2380.656046544,2292.549582362,28.8,HFOC
274955:5005,65:65,1465640219,STABLE BEAMS,6500,2374.191346090,2286.848441126,28.7,HFOC
274955:5005,66:66,1465640243,STABLE BEAMS,6500,2367.806088153,2275.573513752,28.6,HFOC
274955:5005,67:67,1465640266,STABLE BEAMS,6500,2362.969306342,2274.203967386,28.5,HFOC
274955:5005,68:68,1465640289,STABLE BEAMS,6500,2362.146293482,2271.372967532,28.5,HFOC
274955:5005,69:69,1465640313,STABLE BEAMS,6500,2361.230013749,2275.043615352,28.5,HFOC
274955:5005,70:70,1465640336,STABLE BEAMS,6500,2361.902869552,2275.667054954,28.5,HFOC
274955:5005,71:71,1465640359,STABLE BEAMS,6500,2362.253946111,2276.067318676,28.5,HFOC
274955:5005,72:72,1465640382,STABLE BEAMS,6500,2354.702506421,2269.384209779,28.4,HFOC
274955:5005,73:73,1465640406,STABLE BEAMS,6500,2358.753207348,2273.296998376,28.5,HFOC
274955:5005,74:74,1465640429,STABLE BEAMS,6500,2361.428791104,2275.256821831,28.5,HFOC
274955:5005,75:75,1465640452,STABLE BEAMS,6500,2344.516570119,2260.209701921,28.3,HFOC
274955:5005,76:76,1465640476,STABLE BEAMS,6500,2332.750899231,2249.733603372,28.2,HFOC
274955:5005,77:77,1465640499,STABLE BEAMS,6500,2341.171484774,2257.152914878,28.3,HFOC
274955:5005,78:78,1465640522,STABLE BEAMS,6500,2348.783868206,2232.992078299,28.4,HFOC
274955:5005,79:79,1465640546,STABLE BEAMS,6500,2300.420591554,2218.649967344,27.8,HFOC
274955:5005,80:80,1465640569,STABLE BEAMS,6500,2306.446893194,2192.187657771,27.9,HFOC
274955:5005,81:81,1465640592,STABLE BEAMS,6500,2283.335210299,2204.722111910,27.6,HFOC
274955:5005,82:82,1465640616,STABLE BEAMS,6500,2171.904983660,2103.708302486,26.2,HFOC
274955:5005,83:83,1465640639,STABLE BEAMS,6500,2345.387762293,2261.254708648,28.3,HFOC
274955:5005,84:84,1465640662,STABLE BEAMS,6500,2371.420087063,2284.762695138,28.6,HFOC
274955:5005,85:85,1465640685,STABLE BEAMS,6500,2383.266691042,2292.640704158,28.8,HFOC
274955:5005,86:86,1465640709,STABLE BEAMS,6500,2381.314867135,2293.668550470,28.8,HFOC
274955:5005,87:87,1465640732,STABLE BEAMS,6500,2377.497775912,2289.988611493,28.7,HFOC
274955:5005,88:88,1465640755,STABLE BEAMS,6500,2371.258250116,2281.930051115,28.6,HFOC
274955:5005,89:89,1465640779,STABLE BEAMS,6500,2368.521198470,2279.378738965,28.6,HFOC
274955:5005,90:90,1465640802,STABLE BEAMS,6500,2367.267705200,2278.490832717,28.6,HFOC
274955:5005,91:91,1465640825,STABLE BEAMS,6500,2371.451642823,614.908773284,28.6,HFOC
274955:5005,92:0,1465640849,STABLE BEAMS,6500,2369.014903420,0,28.6,HFOC
274955:5005,93:0,1465640872,STABLE BEAMS,6500,2366.526083648,0,28.6,HFOC
274955:5005,94:0,1465640895,STABLE BEAMS,6500,2371.912500049,0,28.6,HFOC
274955:5005,95:0,1465640919,STABLE BEAMS,6500,2374.397323178,0,28.7,HFOC
274955:5005,96:0,1465640942,STABLE BEAMS,6500,2375.772238500,0,28.7,HFOC
274955:5005,97:0,1465640965,STABLE BEAMS,6500,2374.447352222,0,28.7,HFOC
274955:5005,98:0,1465640989,STABLE BEAMS,6500,2371.096862331,0,28.6,HFOC
274955:5005,99:0,1465641012,STABLE BEAMS,6500,2368.780902710,0,28.6,HFOC
274955:5005,100:0,1465641035,STABLE BEAMS,6500,2366.054999214,0,28.6,HFOC
274955:5005,101:0,1465641059,STABLE BEAMS,6500,2364.354229109,0,28.6,HFOC
274955:5005,102:0,1465641082,STABLE BEAMS,6500,2360.587503790,0,28.5,HFOC
274955:5005,103:0,1465641105,STABLE BEAMS,6500,2355.219054028,0,28.4,HFOC
274955:5005,104:0,1465641128,STABLE BEAMS,6500,2360.106619251,0,28.5,HFOC
274955:5005,105:0,1465641152,STABLE BEAMS,6500,2352.541367446,0,28.4,HFOC
274955:5005,106:0,1465641175,STABLE BEAMS,6500,2346.026676171,0,28.3,HFOC
274955:5005,107:0,1465641198,STABLE BEAMS,6500,2345.835832525,0,28.3,HFOC
274955:5005,108:0,1465641222,STABLE BEAMS,6500,2347.331816196,0,28.3,HFOC
274955:5005,109:0,1465641245,STABLE BEAMS,6500,2355.592389818,0,28.4,HFOC
274955:5005,110:0,1465641268,STABLE BEAMS,6500,2359.104654415,0,28.5,HFOC
274955:5005,111:0,1465641292,STABLE BEAMS,6500,2354.329600910,0,28.4,HFOC
274955:5005,112:0,1465641315,STABLE BEAMS,6500,2347.189748999,0,28.3,HFOC
274955:5005,113:0,1465641338,STABLE BEAMS,6500,2351.168200165,0,28.4,HFOC
274956:5005,1:1,1465641355,STABLE BEAMS,6500,2360.000155036,2250.201214555,28.5,HFOC
274956:5005,2:2,1465641378,STABLE BEAMS,6500,2362.852036383,2319.431888330,28.5,HFOC
274956:5005,3:3,1465641401,STABLE BEAMS,6500,2359.478800878,2316.100335635,28.5,HFOC
274956:5005,4:4,1465641424,STABLE BEAMS,6500,2351.547348891,2308.348971424,28.4,HFOC
274956:5005,5:5,1465641448,STABLE BEAMS,6500,2340.098305469,2297.116329622,28.3,HFOC
274956:5005,6:6,1465641471,STABLE BEAMS,6500,2347.327301368,2304.193225339,28.3,HFOC
274956:5005,7:7,1465641494,STABLE BEAMS,6500,2358.190454731,2314.876213554,28.5,HFOC
274956:5005,8:8,1465641518,STABLE BEAMS,6500,2353.840703801,2310.600837081,28.4,HFOC
274956:5005,9:9,1465641541,STABLE BEAMS,6500,2345.918009962,2302.797775064,28.3,HFOC
274956:5005,10:10,1465641564,STABLE BEAMS,6500,2339.306171442,2296.330640617,28.3,HFOC
274956:5005,11:11,1465641588,STABLE BEAMS,6500,2347.791569377,2304.638899532,28.4,HFOC
274956:5005,12:12,1465641611,STABLE BEAMS,6500,2350.436357199,2304.244527514,28.4,HFOC
274956:5005,13:13,1465641634,STABLE BEAMS,6500,2348.456569987,2305.311869315,28.4,HFOC
274956:5005,14:14,1465641658,STABLE BEAMS,6500,2341.478459600,2298.439326363,28.3,HFOC
274956:5005,15:15,1465641681,STABLE BEAMS,6500,2338.519117146,2295.557557489,28.2,HFOC
274956:5005,16:16,1465641704,STABLE BEAMS,6500,2338.242501938,2295.290165959,28.2,HFOC
274956:5005,17:17,1465641728,STABLE BEAMS,6500,2345.135500822,2302.056107113,28.3,HFOC
274956:5005,18:18,1465641751,STABLE BEAMS,6500,2348.691773945,2305.526539289,28.4,HFOC
274956:5005,19:19,1465641774,STABLE BEAMS,6500,2345.702932942,2302.604787967,28.3,HFOC
274956:5005,20:20,1465641797,STABLE BEAMS,6500,2344.099320033,2301.030319876,28.3,HFOC
274956:5005,21:21,1465641821,STABLE BEAMS,6500,2337.131022843,2291.207579806,28.2,HFOC
274956:5005,22:22,1465641844,STABLE BEAMS,6500,2341.186540079,2298.186909008,28.3,HFOC
274956:5005,23:23,1465641867,STABLE BEAMS,6500,2345.137909065,2302.065508223,28.3,HFOC
274956:5005,24:24,1465641891,STABLE BEAMS,6500,2343.622750311,2297.757039228,28.3,HFOC
274956:5005,25:25,1465641914,STABLE BEAMS,6500,2336.657103139,2293.722064766,28.2,HFOC
274956:5005,26:26,1465641937,STABLE BEAMS,6500,2326.565703197,2283.801377366,28.1,HFOC
274956:5005,27:27,1465641961,STABLE BEAMS,6500,2328.757235477,2285.982878113,28.1,HFOC
274956:5005,28:28,1465641984,STABLE BEAMS,6500,2336.294161626,2293.371771361,28.2,HFOC
274956:5005,29:29,1465642007,STABLE BEAMS,6500,2335.010546342,2292.126565403,28.2,HFOC
274956:5005,30:30,1465642031,STABLE BEAMS,6500,2332.179835644,2289.334137147,28.2,HFOC
274956:5005,31:31,1465642054,STABLE BEAMS,6500,2337.069731841,2294.120294595,28.2,HFOC
274956:5005,32:32,1465642077,STABLE BEAMS,6500,2338.636869121,2295.662460819,28.2,HFOC
274956:5005,33:33,1465642101,STABLE BEAMS,6500,2338.089058957,2295.148147187,28.2,HFOC
274956:5005,34:34,1465642124,STABLE BEAMS,6500,2333.254761580,2290.400671220,28.2,HFOC
274956:5005,35:35,1465642147,STABLE BEAMS,6500,2326.886526315,2284.132595596,28.1,HFOC
274956:5005,36:36,1465642170,STABLE BEAMS,6500,2322.631505142,2279.963776511,28.1,HFOC
274956:5005,37:37,1465642194,STABLE BEAMS,6500,2328.685816618,2285.889851638,28.1,HFOC
274956:5005,38:38,1465642217,STABLE BEAMS,6500,2327.273795801,2284.510343578,28.1,HFOC
274956:5005,39:39,1465642240,STABLE BEAMS,6500,2315.990972703,2273.435423738,28.0,HFOC
274956:5005,40:40,1465642264,STABLE BEAMS,6500,2301.716117831,2259.444472378,27.8,HFOC
274956:5005,41:41,1465642287,STABLE BEAMS,6500,2308.818829598,2266.404037196,27.9,HFOC
274956:5005,42:42,1465642310,STABLE BEAMS,6500,2311.204884041,2265.803799997,27.9,HFOC
274956:5005,43:43,1465642334,STABLE BEAMS,6500,2255.702421745,2214.210609374,27.2,HFOC
274956:5005,44:44,1465642357,STABLE BEAMS,6500,2281.750083402,2208.244483814,27.6,HFOC
274956:5005,45:45,1465642380,STABLE BEAMS,6500,2258.227535721,2216.755726688,27.3,HFOC
274956:5005,46:46,1465642404,STABLE BEAMS,6500,2149.746899529,2107.511506146,26.0,HFOC
274956:5005,47:47,1465642427,STABLE BEAMS,6500,2296.331038773,2251.220090575,27.7,HFOC
274956:5005,48:48,1465642450,STABLE BEAMS,6500,2305.346877021,2263.003411714,27.8,HFOC
274956:5005,49:49,1465642473,STABLE BEAMS,6500,2336.708757618,2293.785566347,28.2,HFOC
274956:5005,50:50,1465642497,STABLE BEAMS,6500,2336.189795563,2293.270323553,28.2,HFOC
274956:5005,51:51,1465642520,STABLE BEAMS,6500,2335.394150932,2292.465827856,28.2,HFOC
274956:5005,52:52,1465642543,STABLE BEAMS,6500,2335.227727635,2292.331363099,28.2,HFOC
274956:5005,53:53,1465642567,STABLE BEAMS,6500,2334.892014090,2291.981480081,28.2,HFOC
274956:5005,54:54,1465642590,STABLE BEAMS,6500,2334.384589532,2291.495999221,28.2,HFOC
274956:5005,55:55,1465642613,STABLE BEAMS,6500,2333.621087204,2287.795961600,28.2,HFOC
274956:5005,56:56,1465642637,STABLE BEAMS,6500,1052.098402303,1031.485123875,12.7,HFOC
274956:5005,57:57,1465642660,STABLE BEAMS,6500,68.333695095,67.073019032,0.8,HFOC
274956:5005,58:58,1465642683,STABLE BEAMS,6500,68.092604512,66.837308757,0.8,HFOC
274956:5005,59:59,1465642707,STABLE BEAMS,6500,67.941446285,66.687602166,0.8,HFOC
274956:5005,60:60,1465642730,STABLE BEAMS,6500,67.767662715,66.515517066,0.8,HFOC
274956:5005,61:61,1465642753,STABLE BEAMS,6500,71.277638559,69.959925608,0.9,HFOC
274956:5005,62:62,1465642777,STABLE BEAMS,6500,116.783724809,114.626498778,1.4,HFOC
274956:5005,63:63,1465642800,STABLE BEAMS,6500,116.681589281,114.527915561,1.4,HFOC
274956:5005,64:64,1465642823,STABLE BEAMS,6500,116.408661942,114.264140795,1.4,HFOC
274956:5005,65:65,1465642846,STABLE BEAMS,6500,116.487480593,114.341549515,1.4,HFOC
274956:5005,66:66,1465642870,STABLE BEAMS,6500,116.301396356,114.155146301,1.4,HFOC
274956:5005,67:67,1465642893,STABLE BEAMS,6500,168.271523169,165.166744103,2.0,HFOC
274956:5005,68:68,1465642916,STABLE BEAMS,6500,193.816476504,190.247705601,2.3,HFOC
274956:5005,69:69,1465642940,STABLE BEAMS,6500,193.578098786,190.017006621,2.3,HFOC
274956:5005,70:70,1465642963,STABLE BEAMS,6500,191.918331050,188.389357988,2.3,HFOC
274956:5005,71:71,1465642986,STABLE BEAMS,6500,191.191793252,187.674013750,2.3,HFOC
274956:5005,72:72,1465643010,STABLE BEAMS,6500,226.285293218,222.114691266,2.7,HFOC
274956:5005,73:73,1465643033,STABLE BEAMS,6500,311.147661157,305.423331104,3.8,HFOC
274956:5005,74:74,1465643056,STABLE BEAMS,6500,311.209076741,305.473853380,3.8,HFOC
274956:5005,75:75,1465643080,STABLE BEAMS,6500,310.844923306,305.103387565,3.8,HFOC
274956:5005,76:76,1465643103,STABLE BEAMS,6500,310.633107680,304.900007240,3.8,HFOC
274956:5005,77:77,1465643126,STABLE BEAMS,6500,310.581487069,304.858893905,3.8,HFOC
274956:5005,78:78,1465643150,STABLE BEAMS,6500,471.359561378,456.279721124,5.7,HFOC
274956:5005,79:79,1465643173,STABLE BEAMS,6500,489.818781393,480.970681382,5.9,HFOC
274956:5005,80:80,1465643196,STABLE BEAMS,6500,490.296114982,481.455677436,5.9,HFOC
274956:5005,81:81,1465643219,STABLE BEAMS,6500,489.308158101,480.480320058,5.9,HFOC
274956:5005,82:82,1465643243,STABLE BEAMS,6500,488.626196274,479.801114485,5.9,HFOC
274956:5005,83:83,1465643266,STABLE BEAMS,6500,626.411591111,615.090076378,7.6,HFOC
274956:5005,84:84,1465643289,STABLE BEAMS,6500,743.065147369,729.673760951,9.0,HFOC
274956:5005,85:85,1465643313,STABLE BEAMS,6500,742.439462386,729.039050959,9.0,HFOC
274956:5005,86:86,1465643336,STABLE BEAMS,6500,742.085702618,728.705696344,9.0,HFOC
274956:5005,87:87,1465643359,STABLE BEAMS,6500,743.929513428,730.499601369,9.0,HFOC
274956:5005,88:88,1465643383,STABLE BEAMS,6500,788.808481813,774.595292881,9.5,HFOC
274956:5005,89:89,1465643406,STABLE BEAMS,6500,1076.578450762,1057.191011696,13.0,HFOC
274956:5005,90:90,1465643429,STABLE BEAMS,6500,1079.388422281,1059.926428870,13.0,HFOC
274956:5005,91:91,1465643453,STABLE BEAMS,6500,1083.971458955,1064.429485816,13.1,HFOC
274956:5005,92:92,1465643476,STABLE BEAMS,6500,1074.386929290,1055.047521129,13.0,HFOC
274956:5005,93:93,1465643499,STABLE BEAMS,6500,1071.649414156,1052.318637756,12.9,HFOC
274956:5005,94:94,1465643522,STABLE BEAMS,6500,1376.666884078,1351.849986919,16.6,HFOC
274956:5005,95:95,1465643546,STABLE BEAMS,6500,1466.085943847,1439.695677063,17.7,HFOC
274956:5005,96:96,1465643569,STABLE BEAMS,6500,1470.073393918,1443.572580546,17.8,HFOC
274956:5005,97:97,1465643592,STABLE BEAMS,6500,1468.943206571,1442.512553372,17.7,HFOC
274956:5005,98:98,1465643616,STABLE BEAMS,6500,1466.093358347,1439.667544933,17.7,HFOC
274956:5005,99:99,1465643639,STABLE BEAMS,6500,1629.095407829,1597.279517135,19.7,HFOC
274956:5005,100:100,1465643662,STABLE BEAMS,6500,1868.007197256,1833.673100972,22.6,HFOC
274956:5005,101:101,1465643686,STABLE BEAMS,6500,1868.450435891,1834.125141719,22.6,HFOC
274956:5005,102:102,1465643709,STABLE BEAMS,6500,1866.660883610,1832.331933223,22.5,HFOC
274956:5005,103:103,1465643732,STABLE BEAMS,6500,1869.081872403,1834.712266538,22.6,HFOC
274956:5005,104:104,1465643756,STABLE BEAMS,6500,1884.763225606,1850.108917811,22.8,HFOC
274956:5005,105:105,1465643779,STABLE BEAMS,6500,2177.151025878,2137.126540332,26.3,HFOC
274956:5005,106:106,1465643802,STABLE BEAMS,6500,2176.288231357,2136.304695379,26.3,HFOC
274956:5005,107:107,1465643826,STABLE BEAMS,6500,2175.791747561,2135.820838768,26.3,HFOC
274956:5005,108:108,1465643849,STABLE BEAMS,6500,2174.888992673,2134.920027675,26.3,HFOC
274956:5005,109:109,1465643872,STABLE BEAMS,6500,2174.357450791,2104.332033055,26.3,HFOC
274956:5005,110:110,1465643896,STABLE BEAMS,6500,2263.406329375,2221.784340434,27.3,HFOC
274956:5005,111:111,1465643919,STABLE BEAMS,6500,2306.148885556,2260.880076415,27.9,HFOC
274956:5005,112:112,1465643942,STABLE BEAMS,6500,2305.545157315,2263.219427679,27.8,HFOC
274956:5005,113:113,1465643965,STABLE BEAMS,6500,2305.150405001,2262.800518365,27.8,HFOC
274956:5005,114:114,1465643989,STABLE BEAMS,6500,2303.794800813,2261.470338368,27.8,HFOC
274956:5005,115:115,1465644012,STABLE BEAMS,6500,2276.627712665,2234.770163862,27.5,HFOC
274956:5005,116:116,1465644035,STABLE BEAMS,6500,2215.135581677,2174.427085078,26.8,HFOC
274956:5005,117:117,1465644059,STABLE BEAMS,6500,2216.278888394,2175.576209546,26.8,HFOC
274956:5005,118:118,1465644082,STABLE BEAMS,6500,2213.617513384,2172.944303722,26.7,HFOC
274956:5005,119:119,1465644105,STABLE BEAMS,6500,2211.395692643,2170.761589276,26.7,HFOC
274956:5005,120:120,1465644129,STABLE BEAMS,6500,2209.851427025,2169.279233764,26.7,HFOC
274956:5005,121:121,1465644152,STABLE BEAMS,6500,1949.652520088,1913.819491424,23.5,HFOC
274956:5005,122:122,1465644175,STABLE BEAMS,6500,1930.614411232,1895.120891356,23.3,HFOC
274956:5005,123:123,1465644199,STABLE BEAMS,6500,1929.430359163,1867.256611864,23.3,HFOC
274956:5005,124:124,1465644222,STABLE BEAMS,6500,1930.045484681,1894.575150540,23.3,HFOC
274956:5005,125:125,1465644245,STABLE BEAMS,6500,1932.794911757,1897.245345020,23.3,HFOC
274956:5005,126:126,1465644268,STABLE BEAMS,6500,1722.546457864,1690.900230253,20.8,HFOC
274956:5005,127:127,1465644292,STABLE BEAMS,6500,1546.468856151,1518.020929055,18.7,HFOC
274956:5005,128:128,1465644315,STABLE BEAMS,6500,1543.245981670,1513.012318738,18.6,HFOC
274956:5005,129:129,1465644338,STABLE BEAMS,6500,1542.821069739,1512.589837221,18.6,HFOC
274956:5005,130:130,1465644362,STABLE BEAMS,6500,1547.308943021,1518.874544455,18.7,HFOC
274956:5005,131:131,1465644385,STABLE BEAMS,6500,1467.096202499,1440.111023994,17.7,HFOC
274956:5005,132:132,1465644408,STABLE BEAMS,6500,1139.970054362,1119.000059808,13.8,HFOC
274956:5005,133:133,1465644432,STABLE BEAMS,6500,1139.946739240,1118.943121949,13.8,HFOC
274956:5005,134:134,1465644455,STABLE BEAMS,6500,1143.845557106,1122.762612645,13.8,HFOC
274956:5005,135:135,1465644478,STABLE BEAMS,6500,1144.266461608,1123.198812004,13.8,HFOC
274956:5005,136:136,1465644502,STABLE BEAMS,6500,1142.695610372,1121.661988597,13.8,HFOC
274956:5005,137:137,1465644525,STABLE BEAMS,6500,859.536843292,843.698813167,10.4,HFOC
274956:5005,138:138,1465644548,STABLE BEAMS,6500,794.631865691,779.998359986,9.6,HFOC
274956:5005,139:139,1465644571,STABLE BEAMS,6500,790.375092921,775.815742128,9.5,HFOC
274956:5005,140:140,1465644595,STABLE BEAMS,6500,792.551112717,777.971184929,9.6,HFOC
274956:5005,141:141,1465644618,STABLE BEAMS,6500,794.074087605,779.452806019,9.6,HFOC
274956:5005,142:142,1465644641,STABLE BEAMS,6500,672.693654126,660.284919994,8.1,HFOC
274956:5005,143:143,1465644665,STABLE BEAMS,6500,522.505888178,512.874811130,6.3,HFOC
274956:5005,144:144,1465644688,STABLE BEAMS,6500,522.171503411,512.551512332,6.3,HFOC
274956:5005,145:145,1465644711,STABLE BEAMS,6500,522.971255074,513.341476662,6.3,HFOC
274956:5005,146:146,1465644735,STABLE BEAMS,6500,523.504482105,513.878668151,6.3,HFOC
274956:5005,147:147,1465644758,STABLE BEAMS,6500,513.406634673,503.946236256,6.2,HFOC
274956:5005,148:148,1465644781,STABLE BEAMS,6500,331.277374458,325.172592018,4.0,HFOC
274956:5005,149:149,1465644805,STABLE BEAMS,6500,331.306188103,325.202342164,4.0,HFOC
274956:5005,150:150,1465644828,STABLE BEAMS,6500,332.121137469,325.580130202,4.0,HFOC
274956:5005,151:151,1465644851,STABLE BEAMS,6500,330.555208033,324.460053602,4.0,HFOC
274956:5005,152:152,1465644875,STABLE BEAMS,6500,334.057499648,327.892027132,4.0,HFOC
274956:5005,153:153,1465644898,STABLE BEAMS,6500,243.677109367,239.197135993,2.9,HFOC
274956:5005,154:154,1465644921,STABLE BEAMS,6500,202.845711287,199.099833641,2.4,HFOC
274956:5005,155:155,1465644944,STABLE BEAMS,6500,201.747945644,195.232973025,2.4,HFOC
274956:5005,156:156,1465644968,STABLE BEAMS,6500,201.623248627,197.902959938,2.4,HFOC
274956:5005,157:157,1465644991,STABLE BEAMS,6500,203.124538094,199.378830663,2.5,HFOC
274956:5005,158:158,1465645014,STABLE BEAMS,6500,175.289705222,172.054847884,2.1,HFOC
274956:5005,159:159,1465645038,STABLE BEAMS,6500,120.928012875,118.697770246,1.5,HFOC
274956:5005,160:160,1465645061,STABLE BEAMS,6500,121.413433059,119.179436244,1.5,HFOC
274956:5005,161:161,1465645084,STABLE BEAMS,6500,121.946784429,119.694724366,1.5,HFOC
274956:5005,162:162,1465645108,STABLE BEAMS,6500,120.415404879,118.192573969,1.5,HFOC
274956:5005,163:163,1465645131,STABLE BEAMS,6500,118.067062398,115.891677335,1.4,HFOC
274956:5005,164:164,1465645154,STABLE BEAMS,6500,68.037870051,66.783632630,0.8,HFOC
274956:5005,165:165,1465645178,STABLE BEAMS,6500,66.385738840,65.159900130,0.8,HFOC
274956:5005,166:166,1465645201,STABLE BEAMS,6500,66.300166477,65.078073479,0.8,HFOC
274956:5005,167:167,1465645224,STABLE BEAMS,6500,66.229657987,65.009522915,0.8,HFOC
274956:5005,168:168,1465645248,STABLE BEAMS,6500,65.854857533,64.641819791,0.8,HFOC
274956:5005,169:169,1465645271,STABLE BEAMS,6500,1143.654949513,1122.596858839,13.8,HFOC
274956:5005,170:170,1465645294,STABLE BEAMS,6500,2295.589220349,2253.396210787,27.7,HFOC
274956:5005,171:171,1465645317,STABLE BEAMS,6500,2292.403660803,2250.273412092,27.7,HFOC
274956:5005,172:172,1465645341,STABLE BEAMS,6500,2290.388391725,2248.308332664,27.7,HFOC
274956:5005,173:173,1465645364,STABLE BEAMS,6500,2290.881245534,2248.793791440,27.7,HFOC
274956:5005,174:174,1465645387,STABLE BEAMS,6500,2289.963041508,2247.874895806,27.7,HFOC
274956:5005,175:175,1465645411,STABLE BEAMS,6500,2289.247502184,2247.204402803,27.6,HFOC
274956:5005,176:176,1465645434,STABLE BEAMS,6500,2285.914072686,2243.936302116,27.6,HFOC
274956:5005,177:177,1465645457,STABLE BEAMS,6500,2286.675696306,80.316524563,27.6,HFOC
274956:5005,178:0,1465645481,STABLE BEAMS,6500,2287.883247833,0,27.6,HFOC
274956:5005,179:0,1465645504,STABLE BEAMS,6500,2288.022080713,0,27.6,HFOC
274956:5005,180:0,1465645527,STABLE BEAMS,6500,2285.273892833,0,27.6,HFOC
274956:5005,181:0,1465645551,STABLE BEAMS,6500,2278.495744623,0,27.5,HFOC
274956:5005,182:0,1465645574,STABLE BEAMS,6500,2232.944028940,0,27.0,HFOC
274957:5005,1:1,1465645598,STABLE BEAMS,6500,2244.648327309,2189.555744255,27.1,HFOC
274957:5005,2:2,1465645621,STABLE BEAMS,6500,2188.504918459,2134.386683896,26.4,HFOC
274957:5005,3:3,1465645645,STABLE BEAMS,6500,2220.961552494,2162.207433471,26.8,HFOC
274957:5005,4:4,1465645668,STABLE BEAMS,6500,2228.483214569,2156.103172360,26.9,HFOC
274957:5005,5:5,1465645691,STABLE BEAMS,6500,2283.173214194,2203.294939994,27.6,HFOC
274957:5005,6:6,1465645715,STABLE BEAMS,6500,2283.206610919,2204.315094617,27.6,HFOC
274957:5005,7:7,1465645738,STABLE BEAMS,6500,2281.501924944,2204.017054745,27.6,HFOC
274957:5005,8:8,1465645761,STABLE BEAMS,6500,2281.411244845,2204.169421326,27.6,HFOC
274957:5005,9:9,1465645785,STABLE BEAMS,6500,2280.608400289,2203.417266941,27.5,HFOC
274957:5005,10:10,1465645808,STABLE BEAMS,6500,2280.917028872,2203.764129217,27.5,HFOC
274957:5005,11:11,1465645831,STABLE BEAMS,6500,2277.410206525,2254.823461695,27.5,HFOC
274957:5005,12:12,1465645854,STABLE BEAMS,6500,2278.532628285,2256.809069665,27.5,HFOC
274957:5005,13:13,1465645878,STABLE BEAMS,6500,2276.205457744,2254.494536331,27.5,HFOC
274957:5005,14:14,1465645901,STABLE BEAMS,6500,2274.636224146,2198.780702789,27.5,HFOC
274957:5005,15:15,1465645924,STABLE BEAMS,6500,2277.080493651,2200.145909600,27.5,HFOC
274957:5005,16:16,1465645948,STABLE BEAMS,6500,2275.960384284,2199.327397508,27.5,HFOC
274957:5005,17:17,1465645971,STABLE BEAMS,6500,2277.331596123,2200.202938311,27.5,HFOC
274957:5005,18:18,1465645994,STABLE BEAMS,6500,2275.008778634,2198.158369376,27.5,HFOC
274957:5005,19:19,1465646018,STABLE BEAMS,6500,2274.946182858,2198.433855983,27.5,HFOC
274957:5005,20:20,1465646041,STABLE BEAMS,6500,2274.703659601,2195.354544871,27.5,HFOC
274957:5005,21:21,1465646064,STABLE BEAMS,6500,2274.521613429,2197.995358463,27.5,HFOC
274957:5005,22:22,1465646088,STABLE BEAMS,6500,2272.281693281,2195.759288853,27.4,HFOC
274957:5005,23:23,1465646111,STABLE BEAMS,6500,2272.891719634,2196.336858354,27.5,HFOC
274957:5005,24:24,1465646134,STABLE BEAMS,6500,2270.992754699,2191.995166304,27.4,HFOC
274957:5005,25:25,1465646158,STABLE BEAMS,6500,2269.628687060,2193.484365620,27.4,HFOC
274957:5005,26:26,1465646181,STABLE BEAMS,6500,2269.912279197,2193.798085569,27.4,HFOC
274957:5005,27:27,1465646204,STABLE BEAMS,6500,2269.833630173,2193.475697456,27.4,HFOC
274957:5005,28:28,1465646227,STABLE BEAMS,6500,2269.419959876,2193.198521305,27.4,HFOC
274957:5005,29:29,1465646251,STABLE BEAMS,6500,2266.744217273,2190.839916376,27.4,HFOC
274957:5005,30:30,1465646274,STABLE BEAMS,6500,2265.949678176,2189.833718544,27.4,HFOC
274957:5005,31:31,1465646297,STABLE BEAMS,6500,2265.529699393,2189.713659681,27.4,HFOC
274957:5005,32:32,1465646321,STABLE BEAMS,6500,2264.711040266,2188.971118991,27.4,HFOC
274957:5005,33:33,1465646344,STABLE BEAMS,6500,2264.387861269,2188.842245717,27.3,HFOC
274957:5005,34:34,1465646367,STABLE BEAMS,6500,2264.017921821,2158.232407073,27.3,HFOC
274957:5005,35:35,1465646391,STABLE BEAMS,6500,2263.581094201,2189.052445411,27.3,HFOC
274957:5005,36:36,1465646414,STABLE BEAMS,6500,2263.916848864,2189.144306415,27.3,HFOC
274957:5005,37:37,1465646437,STABLE BEAMS,6500,2264.170740435,2185.653656638,27.3,HFOC
274957:5005,38:38,1465646461,STABLE BEAMS,6500,2263.887646522,2188.331520894,27.3,HFOC
274957:5005,39:39,1465646484,STABLE BEAMS,6500,2260.743905554,505.020940239,27.3,HFOC
274957:5005,40:0,1465646507,STABLE BEAMS,6500,2260.097069153,0,27.3,HFOC
274957:5005,41:0,1465646530,STABLE BEAMS,6500,2262.615398834,0,27.3,HFOC
274957:5005,42:0,1465646554,STABLE BEAMS,6500,2264.248208294,0,27.3,HFOC
274958:5005,1:1,1465646572,STABLE BEAMS,6500,2262.053838875,2183.486080414,27.3,HFOC
274958:5005,2:2,1465646595,STABLE BEAMS,6500,2261.704877386,2186.107923651,27.3,HFOC
274958:5005,3:3,1465646619,STABLE BEAMS,6500,2262.213486839,2186.538088764,27.3,HFOC
274958:5005,4:4,1465646642,STABLE BEAMS,6500,2262.158404698,2183.877331288,27.3,HFOC
274958:5005,5:5,1465646665,STABLE BEAMS,6500,2262.524455070,2186.948689365,27.3,HFOC
274958:5005,6:6,1465646689,STABLE BEAMS,6500,2262.034771802,2186.477419254,27.3,HFOC
274958:5005,7:7,1465646712,STABLE BEAMS,6500,2261.900242330,2186.460328641,27.3,HFOC
274958:5005,8:8,1465646735,STABLE BEAMS,6500,2261.629363849,2186.003356389,27.3,HFOC
274958:5005,9:9,1465646758,STABLE BEAMS,6500,2261.798549970,2183.469768573,27.3,HFOC
274958:5005,10:10,1465646782,STABLE BEAMS,6500,2261.756783267,2186.492384261,27.3,HFOC
274958:5005,11:11,1465646805,STABLE BEAMS,6500,2262.101203801,2186.590264389,27.3,HFOC
274958:5005,12:12,1465646828,STABLE BEAMS,6500,2261.829874921,2186.354028963,27.3,HFOC
274958:5005,13:13,1465646852,STABLE BEAMS,6500,2261.576852210,2181.000030857,27.3,HFOC
274958:5005,14:14,1465646875,STABLE BEAMS,6500,2261.246342509,2185.920950314,27.3,HFOC
274958:5005,15:15,1465646898,STABLE BEAMS,6500,2261.230452439,2183.139460833,27.3,HFOC
274958:5005,16:16,1465646922,STABLE BEAMS,6500,2262.107862118,2186.878019269,27.3,HFOC
274958:5005,17:17,1465646945,STABLE BEAMS,6500,2261.870279473,2186.427050944,27.3,HFOC
274958:5005,18:18,1465646968,STABLE BEAMS,6500,2261.306724626,2183.313934549,27.3,HFOC
274958:5005,19:19,1465646992,STABLE BEAMS,6500,2261.366652505,2186.008197381,27.3,HFOC
274958:5005,20:20,1465647015,STABLE BEAMS,6500,2261.100909908,2183.138702450,27.3,HFOC
274958:5005,21:21,1465647038,STABLE BEAMS,6500,2260.997093484,2182.994464516,27.3,HFOC
274958:5005,22:22,1465647062,STABLE BEAMS,6500,2261.671736221,2186.151575443,27.3,HFOC
274958:5005,23:23,1465647085,STABLE BEAMS,6500,2261.478638311,2144.480891978,27.3,HFOC
274958:5005,24:24,1465647108,STABLE BEAMS,6500,2261.864831675,2183.864260332,27.3,HFOC
274958:5005,25:25,1465647131,STABLE BEAMS,6500,2259.974478893,2184.766383961,27.3,HFOC
274958:5005,26:26,1465647155,STABLE BEAMS,6500,2259.530118737,2184.450951373,27.3,HFOC
274958:5005,27:27,1465647178,STABLE BEAMS,6500,2261.650096060,2186.289348461,27.3,HFOC
274958:5005,28:28,1465647201,STABLE BEAMS,6500,2262.367836830,2184.615088757,27.3,HFOC
274958:5005,29:29,1465647225,STABLE BEAMS,6500,2260.065891971,2184.670563720,27.3,HFOC
274958:5005,30:30,1465647248,STABLE BEAMS,6500,2260.079967114,2183.342192550,27.3,HFOC
274958:5005,31:31,1465647271,STABLE BEAMS,6500,2261.293255954,2184.195042571,27.3,HFOC
274958:5005,32:32,1465647295,STABLE BEAMS,6500,2260.260823979,2185.299803363,27.3,HFOC
274958:5005,33:33,1465647318,STABLE BEAMS,6500,2259.512410655,2184.305660860,27.3,HFOC
274958:5005,34:34,1465647341,STABLE BEAMS,6500,2259.017635446,2181.057788860,27.3,HFOC
274958:5005,35:35,1465647365,STABLE BEAMS,6500,2258.588383308,2183.587978930,27.3,HFOC
274958:5005,36:36,1465647388,STABLE BEAMS,6500,2258.339544700,2183.148419870,27.3,HFOC
274958:5005,37:37,1465647411,STABLE BEAMS,6500,2258.204831098,2183.428147957,27.3,HFOC
274958:5005,38:38,1465647435,STABLE BEAMS,6500,2257.338851368,2182.322950462,27.3,HFOC
274958:5005,39:39,1465647458,STABLE BEAMS,6500,2256.838706991,2182.088302129,27.3,HFOC
274958:5005,40:40,1465647481,STABLE BEAMS,6500,2256.474487349,2178.906451931,27.3,HFOC
274958:5005,41:41,1465647504,STABLE BEAMS,6500,2256.048947822,2178.498675505,27.2,HFOC
274958:5005,42:42,1465647528,STABLE BEAMS,6500,2256.271180557,2181.365214333,27.3,HFOC
274958:5005,43:43,1465647551,STABLE BEAMS,6500,2256.500524954,2181.797669327,27.3,HFOC
274958:5005,44:44,1465647574,STABLE BEAMS,6500,2256.640097864,2179.898593138,27.3,HFOC
274958:5005,45:45,1465647598,STABLE BEAMS,6500,2256.997955721,2183.226404233,27.3,HFOC
274958:5005,46:46,1465647621,STABLE BEAMS,6500,2256.793596305,2179.527432012,27.3,HFOC
274958:5005,47:47,1465647644,STABLE BEAMS,6500,2256.678851069,2179.180947954,27.3,HFOC
274958:5005,48:48,1465647668,STABLE BEAMS,6500,2256.814486505,2181.955345298,27.3,HFOC
274958:5005,49:49,1465647691,STABLE BEAMS,6500,2256.841129037,2179.395899428,27.3,HFOC
274958:5005,50:50,1465647714,STABLE BEAMS,6500,2256.915455399,2151.483375197,27.3,HFOC
274958:5005,51:51,1465647738,STABLE BEAMS,6500,2256.957235435,2182.119423452,27.3,HFOC
274958:5005,52:52,1465647761,STABLE BEAMS,6500,2256.867620145,2182.122311020,27.3,HFOC
274958:5005,53:53,1465647784,STABLE BEAMS,6500,2256.207599317,2176.266492808,27.2,HFOC
274958:5005,54:54,1465647808,STABLE BEAMS,6500,2255.725887064,2172.969647706,27.2,HFOC
274958:5005,55:55,1465647831,STABLE BEAMS,6500,2255.693186997,2181.045637780,27.2,HFOC
274958:5005,56:56,1465647854,STABLE BEAMS,6500,2255.107298825,2175.358889557,27.2,HFOC
274958:5005,57:57,1465647877,STABLE BEAMS,6500,2255.000716214,1957.157626091,27.2,HFOC
274958:5005,58:58,1465647901,STABLE BEAMS,6500,2254.794361668,1567.849534829,27.2,HFOC
274958:5005,59:59,1465647924,STABLE BEAMS,6500,2254.839024116,2180.271014844,27.2,HFOC
274958:5005,60:60,1465647947,STABLE BEAMS,6500,2252.015795426,2177.440016563,27.2,HFOC
274958:5005,61:61,1465647971,STABLE BEAMS,6500,2250.968192945,2171.292850677,27.2,HFOC
274958:5005,62:62,1465647994,STABLE BEAMS,6500,2254.817222802,2177.399538237,27.2,HFOC
274958:5005,63:63,1465648017,STABLE BEAMS,6500,2254.878690315,2180.340684763,27.2,HFOC
274958:5005,64:64,1465648041,STABLE BEAMS,6500,2253.931972092,2179.224625982,27.2,HFOC
274958:5005,65:65,1465648064,STABLE BEAMS,6500,2253.313613357,2173.929980109,27.2,HFOC
274958:5005,66:66,1465648087,STABLE BEAMS,6500,2253.662313861,2176.657607104,27.2,HFOC
274958:5005,67:67,1465648111,STABLE BEAMS,6500,2253.101633439,2178.638251280,27.2,HFOC
274958:5005,68:68,1465648134,STABLE BEAMS,6500,2252.656617360,2178.181013376,27.2,HFOC
274958:5005,69:69,1465648157,STABLE BEAMS,6500,2252.238390244,2177.864450806,27.2,HFOC
274958:5005,70:70,1465648180,STABLE BEAMS,6500,2252.032755147,2177.689373623,27.2,HFOC
274958:5005,71:71,1465648204,STABLE BEAMS,6500,2252.344083779,2177.761872253,27.2,HFOC
274958:5005,72:72,1465648227,STABLE BEAMS,6500,2252.036692222,2177.512613726,27.2,HFOC
274958:5005,73:73,1465648250,STABLE BEAMS,6500,2252.443114014,2175.267613886,27.2,HFOC
274958:5005,74:74,1465648274,STABLE BEAMS,6500,2252.622699299,2178.086940688,27.2,HFOC
274958:5005,75:75,1465648297,STABLE BEAMS,6500,2252.561525462,2175.401662923,27.2,HFOC
274958:5005,76:76,1465648320,STABLE BEAMS,6500,2252.256106834,2177.738628289,27.2,HFOC
274958:5005,77:77,1465648344,STABLE BEAMS,6500,2252.338329709,2175.393922919,27.2,HFOC
274958:5005,78:78,1465648367,STABLE BEAMS,6500,2252.515039237,2145.023149977,27.2,HFOC
274958:5005,79:79,1465648390,STABLE BEAMS,6500,2252.351806344,2177.762408410,27.2,HFOC
274958:5005,80:80,1465648414,STABLE BEAMS,6500,2253.076498480,2176.731877819,27.2,HFOC
274958:5005,81:81,1465648437,STABLE BEAMS,6500,2252.607254443,2179.217026091,27.2,HFOC
274958:5005,82:82,1465648460,STABLE BEAMS,6500,2253.702891600,2180.179585556,27.2,HFOC
274958:5005,83:83,1465648484,STABLE BEAMS,6500,2253.166893287,2176.669247776,27.2,HFOC
274958:5005,84:84,1465648507,STABLE BEAMS,6500,2252.680693080,2178.262004147,27.2,HFOC
274958:5005,85:85,1465648530,STABLE BEAMS,6500,2252.223096420,2177.739062601,27.2,HFOC
274958:5005,86:86,1465648553,STABLE BEAMS,6500,2251.843471473,2174.555244510,27.2,HFOC
274958:5005,87:87,1465648577,STABLE BEAMS,6500,2251.352534292,2176.878546313,27.2,HFOC
274958:5005,88:88,1465648600,STABLE BEAMS,6500,2250.807669237,2173.823444629,27.2,HFOC
274958:5005,89:89,1465648623,STABLE BEAMS,6500,2250.661682044,2127.099060603,27.2,HFOC
274958:5005,90:90,1465648647,STABLE BEAMS,6500,2250.229012545,2176.066876449,27.2,HFOC
274958:5005,91:91,1465648670,STABLE BEAMS,6500,2249.518420277,2172.788389482,27.2,HFOC
274958:5005,92:92,1465648693,STABLE BEAMS,6500,2249.357881162,2175.302510607,27.2,HFOC
274958:5005,93:93,1465648717,STABLE BEAMS,6500,2248.841266823,2144.174222070,27.2,HFOC
274958:5005,94:94,1465648740,STABLE BEAMS,6500,2248.266472837,2174.318309641,27.2,HFOC
274958:5005,95:95,1465648763,STABLE BEAMS,6500,2247.794807350,2171.450510475,27.1,HFOC
274958:5005,96:96,1465648786,STABLE BEAMS,6500,2247.694383411,2173.502968934,27.1,HFOC
274958:5005,97:97,1465648810,STABLE BEAMS,6500,2246.519843255,2172.858303801,27.1,HFOC
274958:5005,98:98,1465648833,STABLE BEAMS,6500,2246.326854863,2170.203169174,27.1,HFOC
274958:5005,99:99,1465648856,STABLE BEAMS,6500,2245.917541637,2141.558343064,27.1,HFOC
274958:5005,100:100,1465648880,STABLE BEAMS,6500,2244.964504684,2168.773874887,27.1,HFOC
274958:5005,101:101,1465648903,STABLE BEAMS,6500,2244.874818244,2171.300685776,27.1,HFOC
274958:5005,102:102,1465648926,STABLE BEAMS,6500,2243.491882725,2167.466592204,27.1,HFOC
274958:5005,103:103,1465648950,STABLE BEAMS,6500,2243.241128737,2169.559689017,27.1,HFOC
274958:5005,104:104,1465648973,STABLE BEAMS,6500,2242.545359250,2166.500347983,27.1,HFOC
274958:5005,105:105,1465648996,STABLE BEAMS,6500,2241.660449161,2165.751776507,27.1,HFOC
274958:5005,106:106,1465649020,STABLE BEAMS,6500,2241.279345996,2168.117118943,27.1,HFOC
274958:5005,107:107,1465649043,STABLE BEAMS,6500,2239.420818299,2166.316105824,27.0,HFOC
274958:5005,108:108,1465649066,STABLE BEAMS,6500,2237.343341595,2161.485958352,27.0,HFOC
274958:5005,109:109,1465649090,STABLE BEAMS,6500,2240.657134556,2162.489705968,27.1,HFOC
274958:5005,110:110,1465649113,STABLE BEAMS,6500,2236.964705786,2164.105905333,27.0,HFOC
274958:5005,111:111,1465649136,STABLE BEAMS,6500,2238.360063388,2165.317404160,27.0,HFOC
274958:5005,112:112,1465649160,STABLE BEAMS,6500,2236.729758831,2163.802743573,27.0,HFOC
274958:5005,113:113,1465649183,STABLE BEAMS,6500,2236.307148215,2161.429478906,27.0,HFOC
274958:5005,114:114,1465649206,STABLE BEAMS,6500,2234.223782875,2162.653801792,27.0,HFOC
274958:5005,115:115,1465649229,STABLE BEAMS,6500,2234.303375384,2162.825182416,27.0,HFOC
274958:5005,116:116,1465649253,STABLE BEAMS,6500,2233.637059350,2161.978208342,27.0,HFOC
274958:5005,117:117,1465649276,STABLE BEAMS,6500,2233.630085237,2162.273424175,27.0,HFOC
274958:5005,118:118,1465649299,STABLE BEAMS,6500,2234.414955790,2162.939810680,27.0,HFOC
274958:5005,119:119,1465649323,STABLE BEAMS,6500,2232.004270368,2160.601632561,27.0,HFOC
274958:5005,120:120,1465649346,STABLE BEAMS,6500,2232.328598354,2160.949448222,27.0,HFOC
274958:5005,121:121,1465649369,STABLE BEAMS,6500,2231.487514499,2154.156567674,27.0,HFOC
274958:5005,122:122,1465649393,STABLE BEAMS,6500,2231.548015887,2159.063974578,27.0,HFOC
274958:5005,123:123,1465649416,STABLE BEAMS,6500,2230.957245008,2158.700798545,26.9,HFOC
274958:5005,124:124,1465649439,STABLE BEAMS,6500,2230.245438256,2155.200072837,26.9,HFOC
274958:5005,125:125,1465649463,STABLE BEAMS,6500,2231.157406129,2158.793597617,26.9,HFOC
274958:5005,126:126,1465649486,STABLE BEAMS,6500,2228.353845222,2153.641854579,26.9,HFOC
274958:5005,127:127,1465649509,STABLE BEAMS,6500,2228.192624879,2156.207570139,26.9,HFOC
274958:5005,128:128,1465649532,STABLE BEAMS,6500,2227.969825516,2148.053426053,26.9,HFOC
274958:5005,129:129,1465649556,STABLE BEAMS,6500,2230.170221931,2155.512581033,26.9,HFOC
274958:5005,130:130,1465649579,STABLE BEAMS,6500,2227.749297894,2145.559733700,26.9,HFOC
274958:5005,131:131,1465649602,STABLE BEAMS,6500,2227.429420895,2155.239430172,26.9,HFOC
274958:5005,132:132,1465649626,STABLE BEAMS,6500,2227.741411014,2155.800950828,26.9,HFOC
274958:5005,133:133,1465649649,STABLE BEAMS,6500,2226.450333306,2151.962581007,26.9,HFOC
274958:5005,134:134,1465649672,STABLE BEAMS,6500,2227.639032864,2155.577051204,26.9,HFOC
274958:5005,135:135,1465649696,STABLE BEAMS,6500,2227.345848299,2152.971417200,26.9,HFOC
274958:5005,136:136,1465649719,STABLE BEAMS,6500,2227.620528887,2155.658769702,26.9,HFOC
274958:5005,137:137,1465649742,STABLE BEAMS,6500,2223.336544838,2151.821537064,26.9,HFOC
274958:5005,138:138,1465649766,STABLE BEAMS,6500,2226.433951434,2154.782288724,26.9,HFOC
274958:5005,139:139,1465649789,STABLE BEAMS,6500,2228.176699916,2155.971537874,26.9,HFOC
274958:5005,140:140,1465649812,STABLE BEAMS,6500,2226.218103431,2154.293554374,26.9,HFOC
274958:5005,141:141,1465649836,STABLE BEAMS,6500,2225.400795461,2153.615333219,26.9,HFOC
274958:5005,142:142,1465649859,STABLE BEAMS,6500,2225.282624926,2153.475276095,26.9,HFOC
274958:5005,143:143,1465649882,STABLE BEAMS,6500,2224.940850454,2153.189827227,26.9,HFOC
274958:5005,144:144,1465649905,STABLE BEAMS,6500,2224.681745909,2152.998699305,26.9,HFOC
274958:5005,145:145,1465649929,STABLE BEAMS,6500,2224.529133048,2152.732665292,26.9,HFOC
274958:5005,146:146,1465649952,STABLE BEAMS,6500,2223.756942676,2144.543091450,26.9,HFOC
274958:5005,147:147,1465649975,STABLE BEAMS,6500,2223.463985347,2151.718626891,26.9,HFOC
274958:5005,148:148,1465649999,STABLE BEAMS,6500,2223.011870054,2145.989415883,26.8,HFOC
274958:5005,149:149,1465650022,STABLE BEAMS,6500,2222.663519533,2151.424896295,26.8,HFOC
274958:5005,150:150,1465650045,STABLE BEAMS,6500,2222.204248817,2148.029575370,26.8,HFOC
274958:5005,151:151,1465650069,STABLE BEAMS,6500,2220.450180950,2146.423003209,26.8,HFOC
274958:5005,152:152,1465650092,STABLE BEAMS,6500,2219.834539174,2148.381169149,26.8,HFOC
274958:5005,153:153,1465650115,STABLE BEAMS,6500,2219.057097654,2147.867939111,26.8,HFOC
274958:5005,154:154,1465650139,STABLE BEAMS,6500,2217.000316470,2144.120838184,26.8,HFOC
274958:5005,155:155,1465650162,STABLE BEAMS,6500,2216.335960351,2112.929174912,26.8,HFOC
274958:5005,156:156,1465650185,STABLE BEAMS,6500,2216.036481924,2144.894422490,26.8,HFOC
274958:5005,157:157,1465650209,STABLE BEAMS,6500,2214.077200828,2140.435626146,26.7,HFOC
274958:5005,158:158,1465650232,STABLE BEAMS,6500,2213.582899619,2142.414328515,26.7,HFOC
274958:5005,159:159,1465650255,STABLE BEAMS,6500,2213.169501798,2139.905260792,26.7,HFOC
274958:5005,160:160,1465650278,STABLE BEAMS,6500,2212.845668002,2136.939077974,26.7,HFOC
274958:5005,161:161,1465650302,STABLE BEAMS,6500,2212.031269951,2141.287097423,26.7,HFOC
274958:5005,162:162,1465650325,STABLE BEAMS,6500,2211.342701333,2140.538706819,26.7,HFOC
274958:5005,163:163,1465650348,STABLE BEAMS,6500,2211.227152290,2140.521580077,26.7,HFOC
274958:5005,164:164,1465650372,STABLE BEAMS,6500,2210.492385095,2139.849620171,26.7,HFOC
274958:5005,165:165,1465650395,STABLE BEAMS,6500,2210.231510454,2137.091625305,26.7,HFOC
274958:5005,166:166,1465650418,STABLE BEAMS,6500,2210.125063779,2134.283647984,26.7,HFOC
274958:5005,167:167,1465650442,STABLE BEAMS,6500,2210.405680470,2139.745256893,26.7,HFOC
274958:5005,168:168,1465650465,STABLE BEAMS,6500,2210.011327473,2139.288788140,26.7,HFOC
274958:5005,169:169,1465650488,STABLE BEAMS,6500,2209.830774990,2138.952076705,26.7,HFOC
274958:5005,170:170,1465650511,STABLE BEAMS,6500,2209.874812383,2108.747824720,26.7,HFOC
274958:5005,171:171,1465650535,STABLE BEAMS,6500,2209.425321120,2136.184282199,26.7,HFOC
274958:5005,172:172,1465650558,STABLE BEAMS,6500,2201.730679955,2131.769191657,26.6,HFOC
274958:5005,173:173,1465650581,STABLE BEAMS,6500,2211.098847765,2140.265775871,26.7,HFOC
274958:5005,174:174,1465650605,STABLE BEAMS,6500,2212.053740892,2138.340490989,26.7,HFOC
274958:5005,175:175,1465650628,STABLE BEAMS,6500,2212.637517938,2136.057491600,26.7,HFOC
274958:5005,176:176,1465650651,STABLE BEAMS,6500,2210.650152806,2136.972145855,26.7,HFOC
274958:5005,177:177,1465650675,STABLE BEAMS,6500,2210.276761448,2136.331970348,26.7,HFOC
274958:5005,178:178,1465650698,STABLE BEAMS,6500,2209.641564563,2138.527734002,26.7,HFOC
274958:5005,179:179,1465650721,STABLE BEAMS,6500,2209.021071058,2135.339441793,26.7,HFOC
274958:5005,180:180,1465650745,STABLE BEAMS,6500,2208.485141797,2137.116848247,26.7,HFOC
274958:5005,181:181,1465650768,STABLE BEAMS,6500,2206.245996205,2135.255122920,26.6,HFOC
274958:5005,182:182,1465650791,STABLE BEAMS,6500,2204.178780393,2130.621123511,26.6,HFOC
274958:5005,183:183,1465650815,STABLE BEAMS,6500,2203.118857645,2132.304359985,26.6,HFOC
274958:5005,184:184,1465650838,STABLE BEAMS,6500,2203.357525391,2132.573351781,26.6,HFOC
274958:5005,185:185,1465650861,STABLE BEAMS,6500,2204.651216833,2130.879516425,26.6,HFOC
274958:5005,186:186,1465650885,STABLE BEAMS,6500,2205.141714467,2133.997417234,26.6,HFOC
274958:5005,187:187,1465650908,STABLE BEAMS,6500,2205.125612913,2134.108785648,26.6,HFOC
274958:5005,188:188,1465650931,STABLE BEAMS,6500,2205.234070208,2134.041897586,26.6,HFOC
274958:5005,189:189,1465650954,STABLE BEAMS,6500,2203.646473803,2132.546928471,26.6,HFOC
274958:5005,190:190,1465650978,STABLE BEAMS,6500,2204.472118105,2132.885552316,26.6,HFOC
274958:5005,191:191,1465651001,STABLE BEAMS,6500,2207.483088894,2136.068535704,26.7,HFOC
274958:5005,192:192,1465651024,STABLE BEAMS,6500,2206.141799274,2134.580724778,26.6,HFOC
274958:5005,193:193,1465651048,STABLE BEAMS,6500,2204.844288606,2133.549428554,26.6,HFOC
274958:5005,194:194,1465651071,STABLE BEAMS,6500,2205.992793350,2131.777063043,26.6,HFOC
274958:5005,195:195,1465651094,STABLE BEAMS,6500,2206.095472414,2131.597250194,26.6,HFOC
274958:5005,196:196,1465651118,STABLE BEAMS,6500,2206.132989587,2131.362643802,26.6,HFOC
274958:5005,197:197,1465651141,STABLE BEAMS,6500,2205.752041569,2134.873999109,26.6,HFOC
274958:5005,198:198,1465651164,STABLE BEAMS,6500,2205.571437190,2134.606648680,26.6,HFOC
274958:5005,199:199,1465651188,STABLE BEAMS,6500,2205.790015296,2134.798382294,26.6,HFOC
274958:5005,200:200,1465651211,STABLE BEAMS,6500,2200.439619985,2126.616596661,26.6,HFOC
274958:5005,201:201,1465651234,STABLE BEAMS,6500,2203.455361342,2131.653456332,26.6,HFOC
274958:5005,202:202,1465651257,STABLE BEAMS,6500,2202.765482542,2128.196801209,26.6,HFOC
274958:5005,203:203,1465651281,STABLE BEAMS,6500,2203.406443447,2128.800189205,26.6,HFOC
274958:5005,204:204,1465651304,STABLE BEAMS,6500,2202.358923610,2127.649056437,26.6,HFOC
274958:5005,205:205,1465651327,STABLE BEAMS,6500,2203.629307204,2128.776144251,26.6,HFOC
274958:5005,206:206,1465651351,STABLE BEAMS,6500,2204.804337691,2129.658473147,26.6,HFOC
274958:5005,207:207,1465651374,STABLE BEAMS,6500,2204.458750175,2131.668546780,26.6,HFOC
274958:5005,208:208,1465651397,STABLE BEAMS,6500,2204.415456225,2131.471030470,26.6,HFOC
274958:5005,209:209,1465651421,STABLE BEAMS,6500,2201.204970668,2128.397194617,26.6,HFOC
274958:5005,210:210,1465651444,STABLE BEAMS,6500,2203.943467998,2130.758760860,26.6,HFOC
274958:5005,211:211,1465651467,STABLE BEAMS,6500,2204.762867615,2095.872185357,26.6,HFOC
274958:5005,212:212,1465651491,STABLE BEAMS,6500,2204.658204526,2131.004611296,26.6,HFOC
274958:5005,213:213,1465651514,STABLE BEAMS,6500,2205.556095590,2131.649957767,26.6,HFOC
274958:5005,214:214,1465651537,STABLE BEAMS,6500,2202.122974529,2125.258885993,26.6,HFOC
274958:5005,215:215,1465651560,STABLE BEAMS,6500,2202.225832383,2128.051561461,26.6,HFOC
274958:5005,216:216,1465651584,STABLE BEAMS,6500,2202.539567206,2128.098295257,26.6,HFOC
274958:5005,217:217,1465651607,STABLE BEAMS,6500,2201.707433668,2096.872266749,26.6,HFOC
274958:5005,218:218,1465651630,STABLE BEAMS,6500,2195.969647513,2120.569781153,26.5,HFOC
274958:5005,219:219,1465651654,STABLE BEAMS,6500,2198.717777853,2119.947191691,26.6,HFOC
274958:5005,220:220,1465651677,STABLE BEAMS,6500,2198.508821207,2121.896011126,26.6,HFOC
274958:5005,221:221,1465651700,STABLE BEAMS,6500,2197.409128600,2120.241107028,26.5,HFOC
274958:5005,222:222,1465651724,STABLE BEAMS,6500,2197.867495790,2117.145540127,26.5,HFOC
274958:5005,223:223,1465651747,STABLE BEAMS,6500,2195.524141359,2111.495788175,26.5,HFOC
274958:5005,224:224,1465651770,STABLE BEAMS,6500,2195.146263763,2115.280512352,26.5,HFOC
274958:5005,225:225,1465651794,STABLE BEAMS,6500,2193.911177873,2113.378849416,26.5,HFOC
274958:5005,226:226,1465651817,STABLE BEAMS,6500,2191.404052990,2107.220556404,26.5,HFOC
274958:5005,227:227,1465651840,STABLE BEAMS,6500,2192.204992862,2109.642381927,26.5,HFOC
274958:5005,228:228,1465651863,STABLE BEAMS,6500,2191.563697104,2107.672494142,26.5,HFOC
274958:5005,229:229,1465651887,STABLE BEAMS,6500,2191.752531048,2103.215179049,26.5,HFOC
274958:5005,230:230,1465651910,STABLE BEAMS,6500,2192.206057104,2100.842093671,26.5,HFOC
274958:5005,231:231,1465651933,STABLE BEAMS,6500,2189.264958777,2102.705809476,26.4,HFOC
274958:5005,232:232,1465651957,STABLE BEAMS,6500,2189.744107652,2103.098421279,26.4,HFOC
274958:5005,233:233,1465651980,STABLE BEAMS,6500,2189.913045343,2075.268740731,26.4,HFOC
274958:5005,234:234,1465652003,STABLE BEAMS,6500,2186.233078910,2101.109206642,26.4,HFOC
274958:5005,235:235,1465652027,STABLE BEAMS,6500,2188.853009030,2106.375160212,26.4,HFOC
274958:5005,236:236,1465652050,STABLE BEAMS,6500,2188.879469051,2104.387617478,26.4,HFOC
274958:5005,237:237,1465652073,STABLE BEAMS,6500,2188.965843959,2107.071742352,26.4,HFOC
274958:5005,238:238,1465652097,STABLE BEAMS,6500,2190.796173161,2107.303390369,26.5,HFOC
274958:5005,239:239,1465652120,STABLE BEAMS,6500,2188.373070729,2104.405069210,26.4,HFOC
274958:5005,240:240,1465652143,STABLE BEAMS,6500,2188.415651440,2109.256870039,26.4,HFOC
274958:5005,241:241,1465652167,STABLE BEAMS,6500,2188.034549684,2109.844034822,26.4,HFOC
274958:5005,242:242,1465652190,STABLE BEAMS,6500,2184.902631793,2101.606415786,26.4,HFOC
274958:5005,243:243,1465652213,STABLE BEAMS,6500,2186.569816374,2108.546986293,26.4,HFOC
274958:5005,244:244,1465652236,STABLE BEAMS,6500,2186.128588344,2105.783329818,26.4,HFOC
274958:5005,245:245,1465652260,STABLE BEAMS,6500,2186.345629780,2107.110875319,26.4,HFOC
274958:5005,246:246,1465652283,STABLE BEAMS,6500,2187.942086155,2110.949461264,26.4,HFOC
274958:5005,247:247,1465652306,STABLE BEAMS,6500,2185.428467143,2106.283484895,26.4,HFOC
274958:5005,248:248,1465652330,STABLE BEAMS,6500,2184.947047889,2108.761463474,26.4,HFOC
274958:5005,249:249,1465652353,STABLE BEAMS,6500,2184.649366214,2105.372222639,26.4,HFOC
274958:5005,250:250,1465652376,STABLE BEAMS,6500,2178.989830414,2103.350580654,26.3,HFOC
274958:5005,251:251,1465652400,STABLE BEAMS,6500,2181.857222508,2100.856385198,26.4,HFOC
274958:5005,252:252,1465652423,STABLE BEAMS,6500,2181.412809706,2099.889747927,26.3,HFOC
274958:5005,253:253,1465652446,STABLE BEAMS,6500,2182.468211046,2105.662225254,26.4,HFOC
274958:5005,254:254,1465652470,STABLE BEAMS,6500,2182.528152274,2105.260209314,26.4,HFOC
274958:5005,255:255,1465652493,STABLE BEAMS,6500,2180.240018523,2100.646606880,26.3,HFOC
274958:5005,256:256,1465652516,STABLE BEAMS,6500,2179.727691693,2102.368833817,26.3,HFOC
274958:5005,257:257,1465652540,STABLE BEAMS,6500,2179.358385285,2102.141048301,26.3,HFOC
274958:5005,258:258,1465652563,STABLE BEAMS,6500,2178.254518962,2100.634833075,26.3,HFOC
274958:5005,259:259,1465652586,STABLE BEAMS,6500,2175.517319631,2097.801093938,26.3,HFOC
274958:5005,260:260,1465652609,STABLE BEAMS,6500,2176.102394364,2096.085955891,26.3,HFOC
274958:5005,261:261,1465652633,STABLE BEAMS,6500,2175.531779357,2098.953871587,26.3,HFOC
274958:5005,262:262,1465652656,STABLE BEAMS,6500,2176.114874892,2068.358082642,26.3,HFOC
274958:5005,263:263,1465652679,STABLE BEAMS,6500,2176.172559142,2097.344375685,26.3,HFOC
274958:5005,264:264,1465652703,STABLE BEAMS,6500,2173.593896279,2094.983583649,26.3,HFOC
274958:5005,265:265,1465652726,STABLE BEAMS,6500,2172.537092839,2093.910613431,26.2,HFOC
274958:5005,266:266,1465652749,STABLE BEAMS,6500,2172.281481660,2090.892945035,26.2,HFOC
274958:5005,267:267,1465652773,STABLE BEAMS,6500,2171.349125128,2092.114337044,26.2,HFOC
274958:5005,268:268,1465652796,STABLE BEAMS,6500,2170.877900049,2089.361866536,26.2,HFOC
274958:5005,269:269,1465652819,STABLE BEAMS,6500,2162.599360382,2079.591198229,26.1,HFOC
274958:5005,270:270,1465652843,STABLE BEAMS,6500,2157.785900849,2080.950702611,26.1,HFOC
274958:5005,271:271,1465652866,STABLE BEAMS,6500,2151.300872692,2072.382818094,26.0,HFOC
274958:5005,272:272,1465652889,STABLE BEAMS,6500,2143.490586011,2064.374505636,25.9,HFOC
274958:5005,273:273,1465652912,STABLE BEAMS,6500,2140.431289988,2060.976775137,25.9,HFOC
274958:5005,274:274,1465652936,STABLE BEAMS,6500,2141.624848318,2062.617562947,25.9,HFOC
274958:5005,275:275,1465652959,STABLE BEAMS,6500,2140.870551726,2061.843950945,25.9,HFOC
274958:5005,276:276,1465652982,STABLE BEAMS,6500,2135.608750149,2056.302001583,25.8,HFOC
274958:5005,277:277,1465653006,STABLE BEAMS,6500,2131.230405056,2052.556097043,25.7,HFOC
274958:5005,278:278,1465653029,STABLE BEAMS,6500,2131.225061442,2054.797571774,25.7,HFOC
274958:5005,279:279,1465653052,STABLE BEAMS,6500,2138.116666915,1869.404887642,25.8,HFOC
274958:5005,280:280,1465653076,STABLE BEAMS,6500,2141.640104717,2060.551653520,25.9,HFOC
274958:5005,281:281,1465653099,STABLE BEAMS,6500,2138.936875642,2064.804438326,25.8,HFOC
274958:5005,282:282,1465653122,STABLE BEAMS,6500,2137.503196459,2061.265685416,25.8,HFOC
274958:5005,283:283,1465653146,STABLE BEAMS,6500,2134.924044581,2060.366318281,25.8,HFOC
274958:5005,284:284,1465653169,STABLE BEAMS,6500,2125.968268551,2055.508698640,25.7,HFOC
274958:5005,285:285,1465653192,STABLE BEAMS,6500,2123.479149398,2054.323246209,25.6,HFOC
274958:5005,286:286,1465653215,STABLE BEAMS,6500,2125.058727298,2056.936182101,25.7,HFOC
274958:5005,287:287,1465653239,STABLE BEAMS,6500,2120.134895368,2052.979931127,25.6,HFOC
274958:5005,288:288,1465653262,STABLE BEAMS,6500,2130.600150212,2060.930433393,25.7,HFOC
274958:5005,289:289,1465653285,STABLE BEAMS,6500,2138.730111160,2068.517824676,25.8,HFOC
274958:5005,290:290,1465653309,STABLE BEAMS,6500,2137.083060894,2070.083425430,25.8,HFOC
274958:5005,291:291,1465653332,STABLE BEAMS,6500,2136.316621359,2069.797743094,25.8,HFOC
274958:5005,292:292,1465653355,STABLE BEAMS,6500,2133.300371029,1737.069215338,25.8,HFOC
274958:5005,293:293,1465653379,STABLE BEAMS,6500,2125.183210338,0.478182234,25.7,HFOC
274958:5005,294:294,1465653402,STABLE BEAMS,6500,2119.825179868,0,25.6,HFOC
274958:5005,295:295,1465653425,STABLE BEAMS,6500,2116.974625167,0.559110317,25.6,HFOC
274958:5005,296:296,1465653449,STABLE BEAMS,6500,2119.503080825,1.023796378,25.6,HFOC
274958:5005,297:297,1465653472,STABLE BEAMS,6500,2115.751342891,1.097775426,25.6,HFOC
274958:5005,298:298,1465653495,STABLE BEAMS,6500,2119.521264030,1.035680492,25.6,HFOC
274958:5005,299:299,1465653519,STABLE BEAMS,6500,2120.432533714,1.544077651,25.6,HFOC
274958:5005,300:300,1465653542,STABLE BEAMS,6500,2113.499824744,1.037399236,25.5,HFOC
274958:5005,301:301,1465653565,STABLE BEAMS,6500,2109.339767166,1.064148652,25.5,HFOC
274958:5005,302:302,1465653588,STABLE BEAMS,6500,2117.737060091,0.991007904,25.6,HFOC
274958:5005,303:303,1465653612,STABLE BEAMS,6500,2126.591244147,1.010361839,25.7,HFOC
274958:5005,304:304,1465653635,STABLE BEAMS,6500,2125.267827638,1.570146961,25.7,HFOC
274958:5005,305:305,1465653658,STABLE BEAMS,6500,2121.209297718,0.471345679,25.6,HFOC
274958:5005,306:306,1465653682,STABLE BEAMS,6500,2116.662089919,0,25.6,HFOC
274958:5005,307:307,1465653705,STABLE BEAMS,6500,2119.617069270,1.090937459,25.6,HFOC
274958:5005,308:308,1465653728,STABLE BEAMS,6500,2119.437376615,1.597042520,25.6,HFOC
274958:5005,309:309,1465653752,STABLE BEAMS,6500,2123.958647145,1.007971689,25.7,HFOC
274958:5005,310:310,1465653775,STABLE BEAMS,6500,2117.818818075,0.484982723,25.6,HFOC
274958:5005,311:311,1465653798,STABLE BEAMS,6500,2109.328757677,1.551330539,25.5,HFOC
274958:5005,312:312,1465653822,STABLE BEAMS,6500,2107.284667120,0.483700827,25.5,HFOC
274958:5005,313:313,1465653845,STABLE BEAMS,6500,2116.603861321,1.035768849,25.6,HFOC
274958:5005,314:314,1465653868,STABLE BEAMS,6500,2127.557955615,1.059517069,25.7,HFOC
274958:5005,315:315,1465653892,STABLE BEAMS,6500,2129.240152547,1.050709440,25.7,HFOC
274958:5005,316:316,1465653915,STABLE BEAMS,6500,2121.179352448,1.026755424,25.6,HFOC
274958:5005,317:317,1465653938,STABLE BEAMS,6500,2113.252487548,1.101391301,25.5,HFOC
274958:5005,318:318,1465653961,STABLE BEAMS,6500,2111.406035745,1.069973356,25.5,HFOC
274958:5005,319:319,1465653985,STABLE BEAMS,6500,2118.161279587,1.034132185,25.6,HFOC
274958:5005,320:320,1465654008,STABLE BEAMS,6500,2115.549439230,0.973465542,25.6,HFOC
274958:5005,321:321,1465654031,STABLE BEAMS,6500,2104.910356171,1.568280426,25.4,HFOC
274958:5005,322:322,1465654055,STABLE BEAMS,6500,2093.431899426,0.515334233,25.3,HFOC
274958:5005,323:323,1465654078,STABLE BEAMS,6500,2094.159631985,589.293452025,25.3,HFOC
274958:5005,324:324,1465654101,STABLE BEAMS,6500,2097.653112299,0,25.3,HFOC
274958:5005,325:325,1465654125,STABLE BEAMS,6500,2095.530495859,607.633942888,25.3,HFOC
274958:5005,326:326,1465654148,STABLE BEAMS,6500,2100.612671341,2038.570815452,25.4,HFOC
274958:5005,327:327,1465654171,STABLE BEAMS,6500,2110.266062738,2047.569388995,25.5,HFOC
274958:5005,328:328,1465654195,STABLE BEAMS,6500,2120.084779059,2027.675050155,25.6,HFOC
274958:5005,329:329,1465654218,STABLE BEAMS,6500,2121.181338616,2054.886851653,25.6,HFOC
274958:5005,330:330,1465654241,STABLE BEAMS,6500,2117.385418996,2051.660095901,25.6,HFOC
274958:5005,331:331,1465654264,STABLE BEAMS,6500,2108.472896604,2040.816107642,25.5,HFOC
274958:5005,332:332,1465654288,STABLE BEAMS,6500,2103.736206645,86.201164662,25.4,HFOC
274958:5005,333:0,1465654311,STABLE BEAMS,6500,2112.319201777,0,25.5,HFOC
274958:5005,334:0,1465654334,STABLE BEAMS,6500,2116.165075951,0,25.6,HFOC
274958:5005,335:0,1465654358,STABLE BEAMS,6500,2113.626090402,0,25.5,HFOC
274958:5005,336:0,1465654381,STABLE BEAMS,6500,2112.245208928,0,25.5,HFOC
274958:5005,337:0,1465654404,STABLE BEAMS,6500,2108.675818494,0,25.5,HFOC
274958:5005,338:0,1465654428,STABLE BEAMS,6500,2106.737161030,0,25.4,HFOC
274958:5005,339:0,1465654451,STABLE BEAMS,6500,2110.480579144,0,25.5,HFOC
274958:5005,340:0,1465654474,STABLE BEAMS,6500,2108.927211288,0,25.5,HFOC
274959:5005,1:1,1465654494,STABLE BEAMS,6500,2109.190679605,2045.972613919,25.5,HFOC
274959:5005,2:2,1465654518,STABLE BEAMS,6500,2111.522993993,2048.660048159,25.5,HFOC
274959:5005,3:3,1465654541,STABLE BEAMS,6500,2113.778952892,2021.798931640,25.5,HFOC
274959:5005,4:4,1465654564,STABLE BEAMS,6500,2110.228602305,2044.904510936,25.5,HFOC
274959:5005,5:5,1465654588,STABLE BEAMS,6500,2103.432404812,2036.186944385,25.4,HFOC
274959:5005,6:6,1465654611,STABLE BEAMS,6500,2108.343679568,2014.296018519,25.5,HFOC
274959:5005,7:7,1465654634,STABLE BEAMS,6500,2113.499519014,2050.452569819,25.5,HFOC
274959:5005,8:8,1465654658,STABLE BEAMS,6500,2116.822102711,2053.716524444,25.6,HFOC
274959:5005,9:9,1465654681,STABLE BEAMS,6500,2109.616836500,2046.808647358,25.5,HFOC
274959:5005,10:10,1465654704,STABLE BEAMS,6500,2101.989180396,2034.962623741,25.4,HFOC
274959:5005,11:11,1465654728,STABLE BEAMS,6500,2097.653877479,2035.775060846,25.3,HFOC
274959:5005,12:12,1465654751,STABLE BEAMS,6500,2104.581035118,2042.224992628,25.4,HFOC
274959:5005,13:13,1465654774,STABLE BEAMS,6500,2109.926774638,2047.209216429,25.5,HFOC
274959:5005,14:14,1465654797,STABLE BEAMS,6500,2104.683671531,2039.869399750,25.4,HFOC
274959:5005,15:15,1465654821,STABLE BEAMS,6500,2096.796237573,2034.873119040,25.3,HFOC
274959:5005,16:16,1465654844,STABLE BEAMS,6500,2091.680380266,2030.275910358,25.3,HFOC
274959:5005,17:17,1465654867,STABLE BEAMS,6500,2096.620693491,2034.841556028,25.3,HFOC
274959:5005,18:18,1465654891,STABLE BEAMS,6500,2102.891633627,2038.420306174,25.4,HFOC
274959:5005,19:19,1465654914,STABLE BEAMS,6500,2105.378245026,2042.948186098,25.4,HFOC
274959:5005,20:20,1465654937,STABLE BEAMS,6500,2102.447680962,2040.048230822,25.4,HFOC
274959:5005,21:21,1465654961,STABLE BEAMS,6500,2095.576566566,2033.785204286,25.3,HFOC
274959:5005,22:22,1465654984,STABLE BEAMS,6500,2092.513071812,2030.938585162,25.3,HFOC
274959:5005,23:23,1465655007,STABLE BEAMS,6500,2097.072787763,2033.302833250,25.3,HFOC
274959:5005,24:24,1465655031,STABLE BEAMS,6500,2093.323210853,2026.862894977,25.3,HFOC
274959:5005,25:25,1465655054,STABLE BEAMS,6500,2094.818447009,2030.540815621,25.3,HFOC
274959:5005,26:26,1465655077,STABLE BEAMS,6500,2091.455932442,2029.941381013,25.3,HFOC
274959:5005,27:27,1465655101,STABLE BEAMS,6500,2092.184379644,2025.531427493,25.3,HFOC
274959:5005,28:28,1465655124,STABLE BEAMS,6500,2097.498698109,2032.924786327,25.3,HFOC
274959:5005,29:29,1465655147,STABLE BEAMS,6500,2099.721548436,2037.672506126,25.4,HFOC
274959:5005,30:30,1465655170,STABLE BEAMS,6500,2098.525390622,2036.575683258,25.3,HFOC
274959:5005,31:31,1465655194,STABLE BEAMS,6500,2097.007591583,2034.970875401,25.3,HFOC
274959:5005,32:32,1465655217,STABLE BEAMS,6500,2100.071027107,2037.680619068,25.4,HFOC
274959:5005,33:33,1465655240,STABLE BEAMS,6500,2099.963001787,2037.726665141,25.4,HFOC
274959:5005,34:34,1465655264,STABLE BEAMS,6500,2101.951851033,2039.580585099,25.4,HFOC
274959:5005,35:35,1465655287,STABLE BEAMS,6500,2100.464715785,2035.758544343,25.4,HFOC
274959:5005,36:36,1465655310,STABLE BEAMS,6500,2092.079508844,2027.782159185,25.3,HFOC
274959:5005,37:37,1465655334,STABLE BEAMS,6500,2092.831958641,2031.337836731,25.3,HFOC
274959:5005,38:38,1465655357,STABLE BEAMS,6500,2096.583502964,2034.309326357,25.3,HFOC
274959:5005,39:39,1465655380,STABLE BEAMS,6500,2098.517433239,2034.728662451,25.3,HFOC
274959:5005,40:40,1465655404,STABLE BEAMS,6500,2099.023789289,2037.887224324,25.4,HFOC
274959:5005,41:41,1465655427,STABLE BEAMS,6500,2097.187569037,2036.086954625,25.3,HFOC
274959:5005,42:42,1465655450,STABLE BEAMS,6500,2096.157718002,2034.797807560,25.3,HFOC
274959:5005,43:43,1465655474,STABLE BEAMS,6500,2096.488460061,2035.403563001,25.3,HFOC
274959:5005,44:44,1465655497,STABLE BEAMS,6500,2097.801097353,2036.686515528,25.3,HFOC
274959:5005,45:45,1465655520,STABLE BEAMS,6500,2096.917448950,2032.470216300,25.3,HFOC
274959:5005,46:46,1465655543,STABLE BEAMS,6500,2089.739538255,2028.233205796,25.2,HFOC
274959:5005,47:47,1465655567,STABLE BEAMS,6500,2091.503394423,2029.864322523,25.3,HFOC
274959:5005,48:48,1465655590,STABLE BEAMS,6500,2092.070782333,2030.462884233,25.3,HFOC
274959:5005,49:49,1465655613,STABLE BEAMS,6500,2091.771015751,2027.597672928,25.3,HFOC
274959:5005,50:50,1465655637,STABLE BEAMS,6500,2092.309151912,2030.573837125,25.3,HFOC
274959:5005,51:51,1465655660,STABLE BEAMS,6500,2087.533028107,2026.328904931,25.2,HFOC
274959:5005,52:52,1465655683,STABLE BEAMS,6500,2083.082505688,2020.260499818,25.2,HFOC
274959:5005,53:53,1465655707,STABLE BEAMS,6500,2083.402066488,2023.378682401,25.2,HFOC
274959:5005,54:54,1465655730,STABLE BEAMS,6500,2087.729513308,2024.709346577,25.2,HFOC
274959:5005,55:55,1465655753,STABLE BEAMS,6500,2088.423238738,2028.177389585,25.2,HFOC
274959:5005,56:56,1465655777,STABLE BEAMS,6500,2084.573624916,2024.407101078,25.2,HFOC
274959:5005,57:57,1465655800,STABLE BEAMS,6500,2081.610379007,2021.549986570,25.1,HFOC
274959:5005,58:58,1465655823,STABLE BEAMS,6500,2080.743790973,2020.570574878,25.1,HFOC
274959:5005,59:59,1465655846,STABLE BEAMS,6500,2073.107494970,2010.395673086,25.0,HFOC
274959:5005,60:60,1465655870,STABLE BEAMS,6500,2069.879145781,2007.138392101,25.0,HFOC
274959:5005,61:61,1465655893,STABLE BEAMS,6500,2080.374984480,1990.884826856,25.1,HFOC
274959:5005,62:62,1465655916,STABLE BEAMS,6500,2082.076592192,2018.766046997,25.1,HFOC
274959:5005,63:63,1465655940,STABLE BEAMS,6500,2080.143307126,2012.031083606,25.1,HFOC
274959:5005,64:64,1465655963,STABLE BEAMS,6500,2078.265536933,2018.176849387,25.1,HFOC
274959:5005,65:65,1465655986,STABLE BEAMS,6500,2075.543900412,2015.623571321,25.1,HFOC
274959:5005,66:66,1465656010,STABLE BEAMS,6500,2076.654658265,2013.399726351,25.1,HFOC
274959:5005,67:67,1465656033,STABLE BEAMS,6500,2082.261357234,2018.589514686,25.1,HFOC
274959:5005,68:68,1465656056,STABLE BEAMS,6500,2083.602745717,2022.425075843,25.2,HFOC
274959:5005,69:69,1465656080,STABLE BEAMS,6500,2081.863021600,2017.155930557,25.1,HFOC
274959:5005,70:70,1465656103,STABLE BEAMS,6500,2071.561795398,2009.720357607,25.0,HFOC
274959:5005,71:71,1465656126,STABLE BEAMS,6500,2061.184971528,1999.642209281,24.9,HFOC
274959:5005,72:72,1465656149,STABLE BEAMS,6500,2055.971927601,1992.151652758,24.8,HFOC
274959:5005,73:73,1465656173,STABLE BEAMS,6500,2056.805526526,1992.950092842,24.8,HFOC
274959:5005,74:74,1465656196,STABLE BEAMS,6500,2065.272514224,1997.839401948,24.9,HFOC
274959:5005,75:75,1465656219,STABLE BEAMS,6500,2071.130955882,2005.117415377,25.0,HFOC
274959:5005,76:76,1465656243,STABLE BEAMS,6500,2081.750106705,2017.147892428,25.1,HFOC
274959:5005,77:77,1465656266,STABLE BEAMS,6500,2084.254550394,2018.976392654,25.2,HFOC
274959:5005,78:78,1465656289,STABLE BEAMS,6500,2079.821526654,1986.679399571,25.1,HFOC
274959:5005,79:79,1465656313,STABLE BEAMS,6500,2071.098604049,2007.345924966,25.0,HFOC
274959:5005,80:80,1465656336,STABLE BEAMS,6500,2068.374187256,2004.120970991,25.0,HFOC
274959:5005,81:81,1465656359,STABLE BEAMS,6500,2075.306624820,2005.211168470,25.1,HFOC
274959:5005,82:82,1465656383,STABLE BEAMS,6500,2073.879207392,2008.333687867,25.0,HFOC
274959:5005,83:83,1465656406,STABLE BEAMS,6500,2073.108568100,2006.725649282,25.0,HFOC
274959:5005,84:84,1465656429,STABLE BEAMS,6500,2071.109950198,2002.859758069,25.0,HFOC
274959:5005,85:85,1465656453,STABLE BEAMS,6500,2072.922608772,2006.587738471,25.0,HFOC
274959:5005,86:86,1465656476,STABLE BEAMS,6500,2076.974059503,2010.496170038,25.1,HFOC
274959:5005,87:87,1465656499,STABLE BEAMS,6500,2078.500770054,2011.173456580,25.1,HFOC
274959:5005,88:88,1465656522,STABLE BEAMS,6500,2076.097067955,2006.364911560,25.1,HFOC
274959:5005,89:89,1465656546,STABLE BEAMS,6500,2070.162208234,2003.064210995,25.0,HFOC
274959:5005,90:90,1465656569,STABLE BEAMS,6500,2069.513578816,2003.093473052,25.0,HFOC
274959:5005,91:91,1465656592,STABLE BEAMS,6500,2073.728516805,2006.554551305,25.0,HFOC
274959:5005,92:92,1465656616,STABLE BEAMS,6500,2078.729869514,2009.133451930,25.1,HFOC
274959:5005,93:93,1465656639,STABLE BEAMS,6500,2076.664007445,2009.232083334,25.1,HFOC
274959:5005,94:94,1465656662,STABLE BEAMS,6500,2070.535424792,1975.138333079,25.0,HFOC
274959:5005,95:95,1465656686,STABLE BEAMS,6500,2065.012361227,1994.970585738,24.9,HFOC
274959:5005,96:96,1465656709,STABLE BEAMS,6500,2066.136997075,1997.409162311,25.0,HFOC
274959:5005,97:97,1465656732,STABLE BEAMS,6500,2070.748248818,2001.040293780,25.0,HFOC
274959:5005,98:98,1465656756,STABLE BEAMS,6500,2071.454776720,2003.937334106,25.0,HFOC
274959:5005,99:99,1465656779,STABLE BEAMS,6500,2070.712676152,2003.665283548,25.0,HFOC
274959:5005,100:100,1465656802,STABLE BEAMS,6500,2072.822959307,2005.565534075,25.0,HFOC
274959:5005,101:101,1465656825,STABLE BEAMS,6500,2076.231333078,2008.426258424,25.1,HFOC
274959:5005,102:102,1465656849,STABLE BEAMS,6500,2075.632801081,2003.141428349,25.1,HFOC
274959:5005,103:103,1465656872,STABLE BEAMS,6500,2074.413739600,2006.515847779,25.1,HFOC
274959:5005,104:104,1465656895,STABLE BEAMS,6500,2071.545083366,2003.919258448,25.0,HFOC
274959:5005,105:105,1465656919,STABLE BEAMS,6500,2073.072234939,2005.192071795,25.0,HFOC
274959:5005,106:106,1465656942,STABLE BEAMS,6500,2075.733963221,2005.102161473,25.1,HFOC
274959:5005,107:107,1465656965,STABLE BEAMS,6500,2074.524107908,2006.869759318,25.1,HFOC
274959:5005,108:108,1465656989,STABLE BEAMS,6500,2071.245489965,2003.895238040,25.0,HFOC
274959:5005,109:109,1465657012,STABLE BEAMS,6500,2068.967050555,2001.770234905,25.0,HFOC
274959:5005,110:110,1465657035,STABLE BEAMS,6500,2068.855104687,1998.752669512,25.0,HFOC
274959:5005,111:111,1465657059,STABLE BEAMS,6500,2073.395857353,2003.289977558,25.0,HFOC
274959:5005,112:112,1465657082,STABLE BEAMS,6500,2074.023151405,2005.880200612,25.0,HFOC
274959:5005,113:113,1465657105,STABLE BEAMS,6500,2073.455797961,2005.532781114,25.0,HFOC
274959:5005,114:114,1465657129,STABLE BEAMS,6500,2073.195951264,2005.235060689,25.0,HFOC
274959:5005,115:115,1465657152,STABLE BEAMS,6500,2073.922743331,2005.952846377,25.0,HFOC
274959:5005,116:116,1465657175,STABLE BEAMS,6500,2072.808088479,2002.098661907,25.0,HFOC
274959:5005,117:117,1465657198,STABLE BEAMS,6500,2068.689637843,1998.762128294,25.0,HFOC
274959:5005,118:118,1465657222,STABLE BEAMS,6500,2066.180097100,1994.528609100,25.0,HFOC
274959:5005,119:119,1465657245,STABLE BEAMS,6500,2066.682409603,1997.229310662,25.0,HFOC
274959:5005,120:120,1465657268,STABLE BEAMS,6500,2068.665714763,2001.021751621,25.0,HFOC
274959:5005,121:121,1465657292,STABLE BEAMS,6500,2066.997285096,1999.265094312,25.0,HFOC
274959:5005,122:122,1465657315,STABLE BEAMS,6500,2065.230638510,1969.332018482,24.9,HFOC
274959:5005,123:123,1465657338,STABLE BEAMS,6500,2063.951604413,1993.661798434,24.9,HFOC
274959:5005,124:124,1465657362,STABLE BEAMS,6500,2067.201114478,2000.090940286,25.0,HFOC
274959:5005,125:125,1465657385,STABLE BEAMS,6500,2065.853239119,1993.297642921,25.0,HFOC
274959:5005,126:126,1465657408,STABLE BEAMS,6500,2067.574870597,1998.164173613,25.0,HFOC
274959:5005,127:127,1465657432,STABLE BEAMS,6500,2068.410839394,2002.010799453,25.0,HFOC
274959:5005,128:128,1465657455,STABLE BEAMS,6500,2065.702614973,1998.955581706,24.9,HFOC
274959:5005,129:129,1465657478,STABLE BEAMS,6500,2063.379697830,1997.201031318,24.9,HFOC
274959:5005,130:130,1465657501,STABLE BEAMS,6500,2064.064510223,1996.980463034,24.9,HFOC
274959:5005,131:131,1465657525,STABLE BEAMS,6500,2061.570243627,1983.531669235,24.9,HFOC
274959:5005,132:132,1465657548,STABLE BEAMS,6500,2061.641589136,1994.786583269,24.9,HFOC
274959:5005,133:133,1465657571,STABLE BEAMS,6500,2060.275373877,1993.200148555,24.9,HFOC
274959:5005,134:134,1465657595,STABLE BEAMS,6500,2058.776279403,1996.209443264,24.9,HFOC
274959:5005,135:135,1465657618,STABLE BEAMS,6500,2057.161605762,1993.297964267,24.8,HFOC
274959:5005,136:136,1465657641,STABLE BEAMS,6500,2056.474149726,1995.689351894,24.8,HFOC
274959:5005,137:137,1465657665,STABLE BEAMS,6500,2057.236964459,1997.049816765,24.8,HFOC
274959:5005,138:138,1465657688,STABLE BEAMS,6500,2059.018134264,1999.016951253,24.9,HFOC
274959:5005,139:139,1465657711,STABLE BEAMS,6500,2057.994058699,1998.256477181,24.9,HFOC
274959:5005,140:140,1465657735,STABLE BEAMS,6500,2058.578618231,1168.959867628,24.9,HFOC
274959:5005,141:141,1465657758,STABLE BEAMS,6500,2051.484732923,1991.145402676,24.8,HFOC
274959:5005,142:142,1465657781,STABLE BEAMS,6500,2044.192403543,1983.551609536,24.7,HFOC
274959:5005,143:143,1465657805,STABLE BEAMS,6500,2049.806860700,1991.121444701,24.8,HFOC
274959:5005,144:144,1465657828,STABLE BEAMS,6500,2047.327375741,1986.463117490,24.7,HFOC
274959:5005,145:145,1465657851,STABLE BEAMS,6500,2046.280774738,1987.825256312,24.7,HFOC
274959:5005,146:146,1465657874,STABLE BEAMS,6500,2044.846983418,1986.906519488,24.7,HFOC
274959:5005,147:147,1465657898,STABLE BEAMS,6500,2035.539370383,1976.256736705,24.6,HFOC
274959:5005,148:148,1465657921,STABLE BEAMS,6500,2038.864736618,1982.031092216,24.6,HFOC
274959:5005,149:149,1465657944,STABLE BEAMS,6500,2045.836091141,1985.977822783,24.7,HFOC
274959:5005,150:150,1465657968,STABLE BEAMS,6500,2048.653867386,1990.160317824,24.7,HFOC
274959:5005,151:151,1465657991,STABLE BEAMS,6500,2047.614892936,1986.737968091,24.7,HFOC
274959:5005,152:152,1465658014,STABLE BEAMS,6500,2043.943375419,1983.604763368,24.7,HFOC
274959:5005,153:153,1465658038,STABLE BEAMS,6500,2043.629510600,1985.656102835,24.7,HFOC
274959:5005,154:154,1465658061,STABLE BEAMS,6500,2048.998639081,1990.878870614,24.7,HFOC
274959:5005,155:155,1465658084,STABLE BEAMS,6500,2047.778308154,1961.740511068,24.7,HFOC
274959:5005,156:156,1465658108,STABLE BEAMS,6500,2041.906583101,1984.058939584,24.7,HFOC
274959:5005,157:157,1465658131,STABLE BEAMS,6500,2041.150756015,1983.521378263,24.7,HFOC
274959:5005,158:158,1465658154,STABLE BEAMS,6500,2043.474035015,1985.500649135,24.7,HFOC
274959:5005,159:159,1465658178,STABLE BEAMS,6500,2043.491856416,1983.108595952,24.7,HFOC
274959:5005,160:160,1465658201,STABLE BEAMS,6500,2043.103006629,1985.265487277,24.7,HFOC
274959:5005,161:161,1465658224,STABLE BEAMS,6500,2034.571042938,1977.168083430,24.6,HFOC
274959:5005,162:162,1465658247,STABLE BEAMS,6500,2035.077582505,1949.820663879,24.6,HFOC
274959:5005,163:163,1465658271,STABLE BEAMS,6500,2037.904175193,1980.366893384,24.6,HFOC
274959:5005,164:164,1465658294,STABLE BEAMS,6500,2041.212373076,1983.362029189,24.7,HFOC
274959:5005,165:165,1465658317,STABLE BEAMS,6500,2044.746824423,1986.514710806,24.7,HFOC
274959:5005,166:166,1465658341,STABLE BEAMS,6500,2041.679332288,1983.675890289,24.7,HFOC
274959:5005,167:167,1465658364,STABLE BEAMS,6500,2039.182859734,960.056127542,24.6,HFOC
274959:5005,168:168,1465658387,STABLE BEAMS,6500,2041.138616961,1983.516520438,24.7,HFOC
274959:5005,169:169,1465658411,STABLE BEAMS,6500,2037.911398866,1950.016069312,24.6,HFOC
274959:5005,170:170,1465658434,STABLE BEAMS,6500,2031.699324018,1972.143743464,24.5,HFOC
274959:5005,171:171,1465658457,STABLE BEAMS,6500,2025.785630767,1968.877787809,24.5,HFOC
274959:5005,172:172,1465658481,STABLE BEAMS,6500,2023.603356367,1966.771796313,24.4,HFOC
274959:5005,173:173,1465658504,STABLE BEAMS,6500,2025.723482702,1968.635660540,24.5,HFOC
274959:5005,174:174,1465658527,STABLE BEAMS,6500,2030.191576234,1972.623658952,24.5,HFOC
274959:5005,175:175,1465658551,STABLE BEAMS,6500,2031.837404181,1974.201559906,24.5,HFOC
274959:5005,176:176,1465658574,STABLE BEAMS,6500,2030.995831599,1971.056183600,24.5,HFOC
274959:5005,177:177,1465658597,STABLE BEAMS,6500,2035.667266270,1975.560177362,24.6,HFOC
274959:5005,178:178,1465658620,STABLE BEAMS,6500,2039.675090771,1980.808682923,24.6,HFOC
274959:5005,179:179,1465658644,STABLE BEAMS,6500,2038.412589525,1977.189185733,24.6,HFOC
274959:5005,180:180,1465658667,STABLE BEAMS,6500,2030.684284372,1972.017379083,24.5,HFOC
274959:5005,181:181,1465658690,STABLE BEAMS,6500,2023.545967911,1962.746575194,24.4,HFOC
274959:5005,182:182,1465658714,STABLE BEAMS,6500,2020.931382560,1962.373042502,24.4,HFOC
274959:5005,183:183,1465658737,STABLE BEAMS,6500,2029.970128587,1970.712180816,24.5,HFOC
274959:5005,184:184,1465658760,STABLE BEAMS,6500,2032.211812753,1972.684172557,24.5,HFOC
274959:5005,185:185,1465658784,STABLE BEAMS,6500,2028.752102348,1967.144669775,24.5,HFOC
274959:5005,186:186,1465658807,STABLE BEAMS,6500,2020.520345964,1959.092947311,24.4,HFOC
274959:5005,187:187,1465658830,STABLE BEAMS,6500,2018.117587707,1959.338715005,24.4,HFOC
274959:5005,188:188,1465658854,STABLE BEAMS,6500,2022.868211952,1961.924571678,24.4,HFOC
274959:5005,189:189,1465658877,STABLE BEAMS,6500,2025.875468062,1967.768045648,24.5,HFOC
274959:5005,190:190,1465658900,STABLE BEAMS,6500,2023.884140905,1962.859879749,24.4,HFOC
274959:5005,191:191,1465658924,STABLE BEAMS,6500,2026.322030629,1967.438341725,24.5,HFOC
274959:5005,192:192,1465658947,STABLE BEAMS,6500,2018.197932760,1960.040128428,24.4,HFOC
274959:5005,193:193,1465658970,STABLE BEAMS,6500,2018.953337731,1960.527295813,24.4,HFOC
274959:5005,194:194,1465658993,STABLE BEAMS,6500,2016.187470502,1953.064487329,24.4,HFOC
274959:5005,195:195,1465659017,STABLE BEAMS,6500,2016.855092118,1958.521251887,24.4,HFOC
274959:5005,196:196,1465659040,STABLE BEAMS,6500,2012.035995629,1953.687785426,24.3,HFOC
274959:5005,197:197,1465659063,STABLE BEAMS,6500,2020.298125575,1958.378574978,24.4,HFOC
274959:5005,198:198,1465659087,STABLE BEAMS,6500,2029.092299397,1968.615942424,24.5,HFOC
274959:5005,199:199,1465659110,STABLE BEAMS,6500,2028.047535298,1967.362409801,24.5,HFOC
274959:5005,200:200,1465659133,STABLE BEAMS,6500,2022.487238287,1959.609412189,24.4,HFOC
274959:5005,201:201,1465659157,STABLE BEAMS,6500,2018.735247331,1954.478705603,24.4,HFOC
274959:5005,202:202,1465659180,STABLE BEAMS,6500,2024.820457821,1961.935997005,24.5,HFOC
274959:5005,203:203,1465659203,STABLE BEAMS,6500,2026.270345183,1961.868248179,24.5,HFOC
274959:5005,204:204,1465659227,STABLE BEAMS,6500,2025.246902238,1959.532955810,24.5,HFOC
274959:5005,205:205,1465659250,STABLE BEAMS,6500,2019.370885663,1951.006027402,24.4,HFOC
274959:5005,206:206,1465659273,STABLE BEAMS,6500,2012.824387100,1943.053871951,24.3,HFOC
274959:5005,207:207,1465659296,STABLE BEAMS,6500,2014.673077662,1943.113311415,24.3,HFOC
274959:5005,208:208,1465659320,STABLE BEAMS,6500,2014.436597283,1945.108592745,24.3,HFOC
274959:5005,209:209,1465659343,STABLE BEAMS,6500,2012.833009878,1941.691348173,24.3,HFOC
274959:5005,210:210,1465659366,STABLE BEAMS,6500,2008.609963272,1936.211570205,24.3,HFOC
274959:5005,211:211,1465659390,STABLE BEAMS,6500,2012.163650407,1938.102563804,24.3,HFOC
274959:5005,212:212,1465659413,STABLE BEAMS,6500,2017.070288031,1941.634429515,24.4,HFOC
274959:5005,213:213,1465659436,STABLE BEAMS,6500,2021.113582753,1942.905771756,24.4,HFOC
274959:5005,214:214,1465659460,STABLE BEAMS,6500,2019.737633921,1938.825336910,24.4,HFOC
274959:5005,215:215,1465659483,STABLE BEAMS,6500,2011.591273328,1927.283421986,24.3,HFOC
274959:5005,216:216,1465659506,STABLE BEAMS,6500,2003.634310611,1913.923028977,24.2,HFOC
274959:5005,217:217,1465659530,STABLE BEAMS,6500,2011.528752333,1916.030542630,24.3,HFOC
274959:5005,218:218,1465659553,STABLE BEAMS,6500,2016.054157757,1913.143703319,24.3,HFOC
274959:5005,219:219,1465659576,STABLE BEAMS,6500,2010.681764600,1912.494918163,24.3,HFOC
274959:5005,220:220,1465659599,STABLE BEAMS,6500,2004.940562167,1906.864818969,24.2,HFOC
274959:5005,221:221,1465659623,STABLE BEAMS,6500,2007.064068355,1906.527290684,24.2,HFOC
274959:5005,222:222,1465659646,STABLE BEAMS,6500,2013.611039052,1910.127592702,24.3,HFOC
274959:5005,223:223,1465659669,STABLE BEAMS,6500,2012.948339008,1908.049338826,24.3,HFOC
274959:5005,224:224,1465659693,STABLE BEAMS,6500,2007.467502973,1902.818807761,24.2,HFOC
274959:5005,225:225,1465659716,STABLE BEAMS,6500,2004.341070333,1896.907317048,24.2,HFOC
274959:5005,226:226,1465659739,STABLE BEAMS,6500,2007.972587994,1903.063991079,24.3,HFOC
274959:5005,227:227,1465659763,STABLE BEAMS,6500,2013.970398625,1906.100073526,24.3,HFOC
274959:5005,228:228,1465659786,STABLE BEAMS,6500,2015.600176475,1907.808531010,24.3,HFOC
274959:5005,229:229,1465659809,STABLE BEAMS,6500,2016.248892446,1904.244648433,24.4,HFOC
274959:5005,230:230,1465659833,STABLE BEAMS,6500,2013.592716693,1899.653432380,24.3,HFOC
274959:5005,231:231,1465659856,STABLE BEAMS,6500,2013.304328746,1901.867997823,24.3,HFOC
274959:5005,232:232,1465659879,STABLE BEAMS,6500,2014.997615639,1900.444931182,24.3,HFOC
274959:5005,233:233,1465659902,STABLE BEAMS,6500,2013.004386456,1871.593128888,24.3,HFOC
274959:5005,234:234,1465659926,STABLE BEAMS,6500,2009.424583121,1893.734862548,24.3,HFOC
274959:5005,235:235,1465659949,STABLE BEAMS,6500,2004.295464108,1860.457069460,24.2,HFOC
274959:5005,236:236,1465659972,STABLE BEAMS,6500,2009.238221401,1891.536717145,24.3,HFOC
274959:5005,237:237,1465659996,STABLE BEAMS,6500,2013.299709562,1895.333672218,24.3,HFOC
274959:5005,238:238,1465660019,STABLE BEAMS,6500,2010.503582436,1893.256494432,24.3,HFOC
274959:5005,239:239,1465660042,STABLE BEAMS,6500,2008.972536000,1893.599946766,24.3,HFOC
274959:5005,240:240,1465660066,STABLE BEAMS,6500,2010.469393369,1891.654512723,24.3,HFOC
274959:5005,241:241,1465660089,STABLE BEAMS,6500,2013.952384683,1866.464742860,24.3,HFOC
274959:5005,242:242,1465660112,STABLE BEAMS,6500,2013.925286742,1898.180451446,24.3,HFOC
274959:5005,243:243,1465660136,STABLE BEAMS,6500,2008.370450469,1892.400999848,24.3,HFOC
274959:5005,244:244,1465660159,STABLE BEAMS,6500,1999.890193075,1885.445992289,24.2,HFOC
274959:5005,245:245,1465660182,STABLE BEAMS,6500,2001.713222437,1885.252815106,24.2,HFOC
274959:5005,246:246,1465660206,STABLE BEAMS,6500,2008.891366144,1892.296836928,24.3,HFOC
274959:5005,247:247,1465660229,STABLE BEAMS,6500,2012.224320652,1894.204751806,24.3,HFOC
274959:5005,248:248,1465660252,STABLE BEAMS,6500,2014.114817228,1897.094558720,24.3,HFOC
274959:5005,249:249,1465660276,STABLE BEAMS,6500,2013.053042843,1894.080778970,24.3,HFOC
274959:5005,250:250,1465660299,STABLE BEAMS,6500,2012.362290553,1896.588634956,24.3,HFOC
274959:5005,251:251,1465660322,STABLE BEAMS,6500,2012.342118702,1893.238670250,24.3,HFOC
274959:5005,252:252,1465660345,STABLE BEAMS,6500,2011.098489184,1893.608776935,24.3,HFOC
274959:5005,253:253,1465660369,STABLE BEAMS,6500,2010.325705940,1891.535545710,24.3,HFOC
274959:5005,254:254,1465660392,STABLE BEAMS,6500,2010.104858623,1891.025733207,24.3,HFOC
274959:5005,255:255,1465660415,STABLE BEAMS,6500,2012.959117381,1894.427353250,24.3,HFOC
274959:5005,256:256,1465660439,STABLE BEAMS,6500,2012.369065824,1892.319818271,24.3,HFOC
274959:5005,257:257,1465660462,STABLE BEAMS,6500,2010.616005336,1070.968684412,24.3,HFOC
274959:5005,258:258,1465660485,STABLE BEAMS,6500,2002.255044154,1884.691824709,24.2,HFOC
274959:5005,259:259,1465660509,STABLE BEAMS,6500,1999.218496617,1856.417332895,24.1,HFOC
274959:5005,260:260,1465660532,STABLE BEAMS,6500,2002.989766481,1886.221619646,24.2,HFOC
274959:5005,261:261,1465660555,STABLE BEAMS,6500,2006.923271614,1890.020651296,24.2,HFOC
274959:5005,262:262,1465660579,STABLE BEAMS,6500,2007.685004539,1887.179936687,24.2,HFOC
274959:5005,263:263,1465660602,STABLE BEAMS,6500,2007.504010209,1899.663263205,24.2,HFOC
274959:5005,264:264,1465660625,STABLE BEAMS,6500,2004.968294376,1913.094452220,24.2,HFOC
274959:5005,265:265,1465660649,STABLE BEAMS,6500,2003.985615033,1921.241422097,24.2,HFOC
274959:5005,266:266,1465660672,STABLE BEAMS,6500,2002.006018446,1929.455959932,24.2,HFOC
274959:5005,267:267,1465660695,STABLE BEAMS,6500,1996.936975387,1930.613055777,24.1,HFOC
274959:5005,268:268,1465660718,STABLE BEAMS,6500,1990.142528734,1927.792778143,24.0,HFOC
274959:5005,269:269,1465660742,STABLE BEAMS,6500,1989.684435596,1928.330020247,24.0,HFOC
274959:5005,270:270,1465660765,STABLE BEAMS,6500,1994.128512901,1935.371246688,24.1,HFOC
274959:5005,271:271,1465660788,STABLE BEAMS,6500,1996.135013817,1934.646719931,24.1,HFOC
274959:5005,272:272,1465660812,STABLE BEAMS,6500,1990.867733760,1895.896825566,24.0,HFOC
274959:5005,273:273,1465660835,STABLE BEAMS,6500,1986.007709654,1863.062584750,24.0,HFOC
274959:5005,274:274,1465660858,STABLE BEAMS,6500,1983.666537356,1866.357877087,24.0,HFOC
274959:5005,275:275,1465660882,STABLE BEAMS,6500,1987.874274743,1867.190053800,24.0,HFOC
274959:5005,276:276,1465660905,STABLE BEAMS,6500,1991.375138043,1857.148232126,24.1,HFOC
274959:5005,277:277,1465660928,STABLE BEAMS,6500,1992.577871754,1855.538599460,24.1,HFOC
274959:5005,278:278,1465660952,STABLE BEAMS,6500,1992.743800143,1860.929880727,24.1,HFOC
274959:5005,279:279,1465660975,STABLE BEAMS,6500,1991.171561730,1910.388221599,24.0,HFOC
274959:5005,280:280,1465660998,STABLE BEAMS,6500,1992.274075615,1934.375639710,24.1,HFOC
274959:5005,281:281,1465661022,STABLE BEAMS,6500,1992.823062609,1934.813610000,24.1,HFOC
274959:5005,282:282,1465661045,STABLE BEAMS,6500,1991.503451224,1936.592025756,24.1,HFOC
274959:5005,283:283,1465661068,STABLE BEAMS,6500,1733.748831720,1690.353001347,20.9,HFOC
274959:5005,284:284,1465661091,STABLE BEAMS,6500,821.774945085,809.698157976,9.9,HFOC
274959:5005,285:285,1465661115,STABLE BEAMS,6500,1597.436055615,1562.750852487,19.3,HFOC
274959:5005,286:286,1465661138,STABLE BEAMS,6500,1955.273106793,1900.657392479,23.6,HFOC
274959:5005,287:287,1465661161,STABLE BEAMS,6500,1617.650119998,1581.199767309,19.5,HFOC
274959:5005,288:288,1465661185,STABLE BEAMS,6500,999.027020472,982.697527570,12.1,HFOC
274959:5005,289:289,1465661208,STABLE BEAMS,6500,1185.056872623,1162.494880086,14.3,HFOC
274959:5005,290:290,1465661231,STABLE BEAMS,6500,604.009876937,595.845550941,7.3,HFOC
274959:5005,291:291,1465661255,STABLE BEAMS,6500,1504.476671602,1472.971111114,18.2,HFOC
274959:5005,292:292,1465661278,STABLE BEAMS,6500,1898.062027772,1848.181514748,22.9,HFOC
274959:5005,293:293,1465661301,STABLE BEAMS,6500,1257.050873113,1233.304466875,15.2,HFOC
274959:5005,294:294,1465661325,STABLE BEAMS,6500,578.876886711,571.047269071,7.0,HFOC
274959:5005,295:295,1465661348,STABLE BEAMS,6500,1466.420719498,1433.608825670,17.7,HFOC
274959:5005,296:296,1465661371,STABLE BEAMS,6500,1925.362207853,1874.223513249,23.3,HFOC
274959:5005,297:297,1465661394,STABLE BEAMS,6500,1956.139848001,1903.134159308,23.6,HFOC
274959:5005,298:298,1465661418,STABLE BEAMS,6500,1975.321356766,1916.534098276,23.9,HFOC
274959:5005,299:299,1465661441,STABLE BEAMS,6500,1982.442014939,1927.799112500,23.9,HFOC
274959:5005,300:300,1465661464,STABLE BEAMS,6500,1983.011775176,1928.393055887,23.9,HFOC
274959:5005,301:301,1465661488,STABLE BEAMS,6500,1983.317170246,1926.309852233,24.0,HFOC
274959:5005,302:302,1465661511,STABLE BEAMS,6500,1984.162950101,1929.471485568,24.0,HFOC
274959:5005,303:303,1465661534,STABLE BEAMS,6500,1983.575647233,1928.883260972,24.0,HFOC
274959:5005,304:304,1465661558,STABLE BEAMS,6500,1979.954662152,1925.538064499,23.9,HFOC
274959:5005,305:305,1465661581,STABLE BEAMS,6500,1980.555706812,1923.791007848,23.9,HFOC
274959:5005,306:306,1465661604,STABLE BEAMS,6500,1980.012853842,835.870954888,23.9,HFOC
274959:5005,307:307,1465661628,STABLE BEAMS,6500,1979.103676166,38.561059332,23.9,HFOC
274959:5005,308:308,1465661651,STABLE BEAMS,6500,1981.433300737,0,23.9,HFOC
274959:5005,309:309,1465661674,STABLE BEAMS,6500,1982.861004041,1082.172555936,23.9,HFOC
274959:5005,310:310,1465661697,STABLE BEAMS,6500,1981.023681765,1927.234661092,23.9,HFOC
274959:5005,311:311,1465661721,STABLE BEAMS,6500,1978.094709715,1924.550738845,23.9,HFOC
274959:5005,312:312,1465661744,STABLE BEAMS,6500,1975.535056543,1922.162594178,23.9,HFOC
274959:5005,313:313,1465661767,STABLE BEAMS,6500,1976.984851093,1923.553342336,23.9,HFOC
274959:5005,314:314,1465661791,STABLE BEAMS,6500,1976.191729568,1895.742240910,23.9,HFOC
274959:5005,315:315,1465661814,STABLE BEAMS,6500,1974.970381413,1921.670444232,23.9,HFOC
274959:5005,316:316,1465661837,STABLE BEAMS,6500,1974.355341585,1921.163760810,23.8,HFOC
274959:5005,317:317,1465661861,STABLE BEAMS,6500,1974.095759385,1920.886539586,23.8,HFOC
274959:5005,318:318,1465661884,STABLE BEAMS,6500,1976.484620315,1922.975543765,23.9,HFOC
274959:5005,319:319,1465661907,STABLE BEAMS,6500,1977.463295008,1923.907980388,23.9,HFOC
274959:5005,320:320,1465661931,STABLE BEAMS,6500,1977.662911740,1924.214613291,23.9,HFOC
274959:5005,321:321,1465661954,STABLE BEAMS,6500,1974.905682351,1921.628815796,23.9,HFOC
274959:5005,322:322,1465661977,STABLE BEAMS,6500,1973.433114648,1920.286872427,23.8,HFOC
274959:5005,323:323,1465662001,STABLE BEAMS,6500,1975.077388957,1919.441708873,23.9,HFOC
274959:5005,324:324,1465662024,STABLE BEAMS,6500,1973.803588237,1920.597559681,23.8,HFOC
274959:5005,325:325,1465662047,STABLE BEAMS,6500,1971.587078957,1918.390230331,23.8,HFOC
274959:5005,326:326,1465662071,STABLE BEAMS,6500,1969.889389526,1916.781394626,23.8,HFOC
274959:5005,327:327,1465662094,STABLE BEAMS,6500,1971.476490923,1918.383236025,23.8,HFOC
274959:5005,328:328,1465662117,STABLE BEAMS,6500,1972.179388877,1916.683485843,23.8,HFOC
274959:5005,329:329,1465662140,STABLE BEAMS,6500,1969.716380157,1916.690785856,23.8,HFOC
274959:5005,330:330,1465662164,STABLE BEAMS,6500,1968.700677037,1915.720284137,23.8,HFOC
274959:5005,331:331,1465662187,STABLE BEAMS,6500,1963.217163898,1910.732483186,23.7,HFOC
274959:5005,332:332,1465662210,STABLE BEAMS,6500,1964.338062901,1911.761270238,23.7,HFOC
274959:5005,333:333,1465662234,STABLE BEAMS,6500,1968.385677431,1913.146156696,23.8,HFOC
274959:5005,334:334,1465662257,STABLE BEAMS,6500,1967.815291302,1912.634299147,23.8,HFOC
274959:5005,335:335,1465662280,STABLE BEAMS,6500,1965.488071972,1912.627138588,23.7,HFOC
274959:5005,336:336,1465662304,STABLE BEAMS,6500,1959.736100473,1907.351666346,23.7,HFOC
274959:5005,337:337,1465662327,STABLE BEAMS,6500,1962.367115211,1907.561734692,23.7,HFOC
274959:5005,338:338,1465662350,STABLE BEAMS,6500,1964.856831023,1912.153013175,23.7,HFOC
274959:5005,339:339,1465662374,STABLE BEAMS,6500,1968.208631705,1915.386389326,23.8,HFOC
274959:5005,340:340,1465662397,STABLE BEAMS,6500,1967.209808571,1914.467551068,23.8,HFOC
274959:5005,341:341,1465662420,STABLE BEAMS,6500,1965.194166216,1912.569480414,23.7,HFOC
274959:5005,342:342,1465662443,STABLE BEAMS,6500,1962.734652047,1910.222096806,23.7,HFOC
274959:5005,343:343,1465662467,STABLE BEAMS,6500,1965.142863387,1912.437789844,23.7,HFOC
274959:5005,344:344,1465662490,STABLE BEAMS,6500,1964.300510533,1909.382307660,23.7,HFOC
274959:5005,345:345,1465662513,STABLE BEAMS,6500,1960.926080745,1908.571404727,23.7,HFOC
274959:5005,346:346,1465662537,STABLE BEAMS,6500,1957.080132151,1904.743548689,23.6,HFOC
274959:5005,347:347,1465662560,STABLE BEAMS,6500,1957.305722355,1905.052463845,23.6,HFOC
274959:5005,348:348,1465662583,STABLE BEAMS,6500,1962.428938774,1910.004168141,23.7,HFOC
274959:5005,349:349,1465662607,STABLE BEAMS,6500,1961.273717812,1908.864135970,23.7,HFOC
274959:5005,350:350,1465662630,STABLE BEAMS,6500,1962.824139077,1905.621302882,23.7,HFOC
274959:5005,351:351,1465662653,STABLE BEAMS,6500,1959.283298621,1906.916252450,23.7,HFOC
274959:5005,352:352,1465662677,STABLE BEAMS,6500,1959.528484478,1907.046037560,23.7,HFOC
274959:5005,353:353,1465662700,STABLE BEAMS,6500,1963.180535652,1910.591250353,23.7,HFOC
274959:5005,354:354,1465662723,STABLE BEAMS,6500,1959.578572328,1907.229377630,23.7,HFOC
274959:5005,355:355,1465662747,STABLE BEAMS,6500,1956.478951779,1902.016318110,23.6,HFOC
274959:5005,356:356,1465662770,STABLE BEAMS,6500,1957.943662564,1905.638712615,23.6,HFOC
274959:5005,357:357,1465662793,STABLE BEAMS,6500,1958.259683582,1903.675750634,23.7,HFOC
274959:5005,358:358,1465662816,STABLE BEAMS,6500,1959.747694718,1907.268703202,23.7,HFOC
274959:5005,359:359,1465662840,STABLE BEAMS,6500,1960.789125619,1882.110414295,23.7,HFOC
274959:5005,360:360,1465662863,STABLE BEAMS,6500,1958.795077682,1907.192807481,23.7,HFOC
274959:5005,361:361,1465662886,STABLE BEAMS,6500,1956.327724631,1904.758580511,23.6,HFOC
274959:5005,362:362,1465662910,STABLE BEAMS,6500,1957.088790928,1903.024854458,23.6,HFOC
274959:5005,363:363,1465662933,STABLE BEAMS,6500,1953.348443958,1901.089186874,23.6,HFOC
274959:5005,364:364,1465662956,STABLE BEAMS,6500,1956.298035663,1904.055452646,23.6,HFOC
274959:5005,365:365,1465662980,STABLE BEAMS,6500,1956.609766504,1904.231338778,23.6,HFOC
274959:5005,366:366,1465663003,STABLE BEAMS,6500,1956.862269277,1904.447856925,23.6,HFOC
274959:5005,367:367,1465663026,STABLE BEAMS,6500,1958.665057603,1906.211536815,23.7,HFOC
274959:5005,368:368,1465663050,STABLE BEAMS,6500,1958.046478451,1905.559922179,23.6,HFOC
274959:5005,369:369,1465663073,STABLE BEAMS,6500,1956.879123240,1902.099099475,23.6,HFOC
274959:5005,370:370,1465663096,STABLE BEAMS,6500,1953.305911074,1898.829812750,23.6,HFOC
274959:5005,371:371,1465663120,STABLE BEAMS,6500,1947.976459716,1893.900261346,23.5,HFOC
274959:5005,372:372,1465663143,STABLE BEAMS,6500,1948.694841649,1896.824899539,23.5,HFOC
274959:5005,373:373,1465663166,STABLE BEAMS,6500,1949.815736201,1897.786211775,23.5,HFOC
274959:5005,374:374,1465663189,STABLE BEAMS,6500,1949.971833889,1897.947169883,23.6,HFOC
274959:5005,375:375,1465663213,STABLE BEAMS,6500,1075.262275703,1054.704608572,13.0,HFOC
274959:5005,376:376,1465663236,STABLE BEAMS,6500,5.152351909,5.103278458,0.1,HFOC
274959:5005,377:377,1465663259,STABLE BEAMS,6500,4.574377447,4.530832326,0.1,HFOC
#Summary:
#nfill,nrun,nls,ncms,totdelivered(hz/ub),totrecorded(hz/ub)
#1,6,1085,1039,2198164.087347972,1934223.036832609
