Timestamp (UNIX_TIME),VGPB.220.1L5.X.PR,VGPB.220.1R5.X.PR,VGPB.7.4L5.X.PR,VGPB.7.4R5.X.PR,VPIAN.904.4L5.B.PR,VPIAN.904.4R5.R.PR
1465646407303000,,,,,,8.329436695930781E-9
1465646409297000,,,,9.699999831136452E-11,,
1465646453303000,,3.100000034450545E-9,,,,
1465646454457000,2.7999999541172826E-10,,,,,
1465646474843000,,,,,,8.329436695930781E-9
1465646479296000,,,,9.699999831136452E-11,,
1465646503339000,,,7.900000098537419E-11,,,
1465646514301000,,3.100000034450545E-9,,,,
1465646519299000,,2.7000000013543968E-9,,,,
1465646522301000,,3.000000026176508E-9,,,,
1465646537339000,2.8999999623913197E-10,,,,,
1465646543297000,,,,9.699999831136452E-11,,
1465646549297000,,2.5999999930803597E-9,,,,
1465646552303000,,3.000000026176508E-9,,,,
1465646559302000,,,,,,7.375792421271399E-9
1465646564340000,,,7.999999968033578E-11,,,
1465646594335000,,,,,9.896583996749087E-9,
1465646605338000,2.8999999623913197E-10,,,,,
1465646606301000,,,,9.699999831136452E-11,,
1465646624301000,,3.000000026176508E-9,,,,
1465646630335000,,,7.999999968033578E-11,,,
1465646657933000,,,,,,7.418924585778086E-9
1465646669300000,,,,9.799999700632611E-11,,
1465646671342000,2.7999999541172826E-10,,,,,
1465646685300000,,3.100000034450545E-9,,,,
1465646708655000,,,,,8.881077206979171E-9,
1465646719297000,,2.7000000013543968E-9,,,,
1465646725302000,,3.100000034450545E-9,,,,
1465646731295000,,,,9.799999700632611E-11,,
1465646732337000,2.8999999623913197E-10,,,,,
1465646739073000,,,7.900000098537419E-11,,,
1465646772341000,,,,,1.0020989371639644E-8,
1465646792338000,2.8999999623913197E-10,,,,,
1465646795302000,,,,9.799999700632611E-11,,
1465646820351000,,2.800000009628434E-9,,,,
1465646840819000,,,,,1.0020989371639644E-8,
1465646853337000,2.7999999541172826E-10,,,,,
1465646879302000,,,,9.599999961640293E-11,,
1465646900340000,,,7.80000022904126E-11,,,
1465646907295000,,,,,,8.191843647864516E-9
1465646915336000,2.7999999541172826E-10,,,,,
1465646970347000,,,7.80000022904126E-11,,,
1465646972304000,,,,9.599999961640293E-11,,
1465646972944000,,,,,,8.191843647864516E-9
1465646985346000,2.8999999623913197E-10,,,,,
1465647034338000,,,7.80000022904126E-11,,,
1465647035300000,,,,9.599999961640293E-11,,
1465647041303000,,2.900000017902471E-9,,,,
1465647049338000,2.8999999623913197E-10,,,,,
1465647074297000,,2.5999999930803597E-9,,,,
1465647098302000,,,,9.699999831136452E-11,,
1465647102339000,,,7.80000022904126E-11,,,
1465647115339000,2.8999999623913197E-10,,,,,
1465647134300000,,2.7000000013543968E-9,,,,
1465647162302000,,,,9.599999961640293E-11,,
1465647163300000,,,,,,9.060378225456134E-9
1465647178346000,2.8999999623913197E-10,,,,,
1465647187339000,,,7.900000098537419E-11,,,
1465647194304000,,2.5999999930803597E-9,,,,
1465647223300000,,,,9.599999961640293E-11,,
1465647237111000,,,,,,8.151008756840383E-9
1465647240347000,2.8999999623913197E-10,,,,,
1465647250343000,,,,,1.1278996403518704E-8,
1465647259307000,,2.7000000013543968E-9,,,,
1465647263349000,,,7.900000098537419E-11,,,
1465647285295000,,,,9.699999831136452E-11,,
1465647300304000,,,,,,7.229834952937608E-9
1465647302340000,2.7999999541172826E-10,,,,,
1465647320297000,,2.7000000013543968E-9,,,,
1465647327334000,,,7.7000003595451E-11,,,
1465647346294000,,,,9.500000092144134E-11,,
1465647368340000,2.8999999623913197E-10,,,,,
1465647369018000,,,,,9.987663140975656E-9,
1465647369019000,,,,,,7.229834952937608E-9
1465647383302000,,2.7000000013543968E-9,,,,
1465647389377000,,,7.80000022904126E-11,,,
1465647406300000,,,,9.599999961640293E-11,,
1465647433336000,2.7999999541172826E-10,,,,,
1465647446300000,,2.5999999930803597E-9,,,,
1465647466303000,,,,9.500000092144134E-11,,
1465647495339000,2.8999999623913197E-10,,,,,
1465647500301000,,,,,,6.4933720622661895E-9
1465647518299000,,2.7000000013543968E-9,,,,
1465647528302000,,,,9.500000092144134E-11,,
1465647548341000,,,7.7000003595451E-11,,,
1465647555349000,2.7999999541172826E-10,,,,,
1465647562739000,,,,,,6.4933720622661895E-9
1465647580304000,,2.5999999930803597E-9,,,,
1465647591300000,,,,9.599999961640293E-11,,
1465647616338000,2.7999999541172826E-10,,7.7000003595451E-11,,,
1465647642300000,,2.5999999930803597E-9,,,,
1465647648300000,,3.000000026176508E-9,,,,
1465647651301000,,2.7000000013543968E-9,,,,
1465647653303000,,,,9.599999961640293E-11,,
1465647676339000,,,7.7000003595451E-11,,,
1465647682338000,2.7999999541172826E-10,,,,,
1465647712297000,,2.800000009628434E-9,,,,
1465647714305000,,,,9.500000092144134E-11,,
1465647746345000,2.8999999623913197E-10,,,,,
1465647748343000,,,7.80000022904126E-11,,,
1465647772298000,,2.7000000013543968E-9,,,,
1465647775300000,,,,9.599999961640293E-11,,
1465647779334000,,,,,8.962810049695236E-9,
1465647826918000,2.7999999541172826E-10,,,,,
1465647837122000,,,7.7000003595451E-11,,,
1465647837303000,,,,9.400000222647975E-11,,
1465647847294000,,2.7000000013543968E-9,,,,
1465647878115000,,,,,9.987663140975656E-9,
1465647900305000,,,,9.500000092144134E-11,,
1465647928932000,,2.7000000013543968E-9,,,,
1465647939156000,2.7999999541172826E-10,,,,,
1465647961303000,,,,9.400000222647975E-11,,
1465647974299000,,,,,,7.1519794531127445E-9
1465648011339000,,,,,8.985233002078985E-9,
1465648023299000,,,,9.400000222647975E-11,,
1465648041114000,,,,,,7.1519794531127445E-9
1465648071708000,,,,,8.985233002078985E-9,
1465648084296000,,,,9.500000092144134E-11,,
1465648112305000,,2.5999999930803597E-9,,,,
1465648142794000,,,,,9.888347918263207E-9,
1465648142795000,,,,,,7.074962393716078E-9
1465648149305000,,2.900000017902471E-9,,,,
1465648165298000,,,,9.500000092144134E-11,,
1465648223912000,,2.7000000013543968E-9,,,,
1465648226302000,,,,9.400000222647975E-11,,
1465648232340000,2.8999999623913197E-10,,,,,
1465648247298000,,,,,,7.80555264867644E-9
1465648287300000,,,,9.500000092144134E-11,,
1465648295038000,2.7999999541172826E-10,,,,,
1465648315430000,,2.7000000013543968E-9,,,,
1465648315493000,,,,,,7.80555264867644E-9
1465648349309000,,,,9.300000353151816E-11,,
1465648360338000,2.8999999623913197E-10,,,,,
1465648390303000,,2.800000009628434E-9,,,,
1465648396846000,,,,,,6.981315525678156E-9
1465648410304000,,,,9.400000222647975E-11,,
1465648411335000,,,7.599999796159551E-11,,,
1465648421344000,2.7999999541172826E-10,,,,,
1465648451338000,,,,,1.1194776661227479E-8,
1465648459292000,,2.7000000013543968E-9,,,,
1465648475302000,,,,9.400000222647975E-11,,
1465648477345000,,,7.599999796159551E-11,,,
1465648480305000,,,,,,6.2649494481092916E-9
1465648483339000,2.7999999541172826E-10,,,,,
1465648530304000,,2.800000009628434E-9,,,,
1465648536303000,,,,9.400000222647975E-11,,
1465648549436000,,,,,1.0012640494494462E-8,
1465648549437000,,,,,,6.2649494481092916E-9
1465648553343000,2.8999999623913197E-10,,,,,
1465648590077000,,,7.599999796159551E-11,,,
1465648591299000,,2.7000000013543968E-9,,,,
1465648601303000,,,,9.199999789766267E-11,,
1465648615339000,2.8999999623913197E-10,,,,,
1465648625304000,,,,,,6.946521580175613E-9
1465648644340000,,,,,1.1176151559766367E-8,
1465648652301000,,2.7000000013543968E-9,,,,
1465648655307000,,3.2000000427245823E-9,,,,
1465648658294000,,2.800000009628434E-9,,,,
1465648666297000,,,,9.199999789766267E-11,,
1465648672340000,,,7.7000003595451E-11,,,
1465648675302000,,3.2000000427245823E-9,,,,
1465648681300000,,2.800000009628434E-9,,,,
1465648712121000,,,,,1.1176151559766367E-8,
1465648712122000,,,,,,6.2389182708955104E-9
1465648713336000,2.7999999541172826E-10,,,,,
1465648724296000,,3.100000034450545E-9,,,,
1465648728302000,,,,9.300000353151816E-11,,
1465648732343000,,,7.499999926663392E-11,,,
1465648789300000,,,,9.300000353151816E-11,,
1465648791338000,,,,,1.3648900676344056E-8,
1465648795340000,,,7.599999796159551E-11,,,
1465648833922000,2.7999999541172826E-10,,,,,
1465648833923000,,2.900000017902471E-9,,,,
1465648849302000,,,,9.099999920270108E-11,,
1465648859344000,,,7.599999796159551E-11,,,
1465648864522000,,,,,1.1896497120744698E-8,
1465648900301000,,3.000000026176508E-9,,,,
1465648911302000,,,,9.099999920270108E-11,,
1465648938304000,,2.7000000013543968E-9,,,,
1465648947294000,,3.000000026176508E-9,,,,
1465648951345000,2.8999999623913197E-10,,,,,
1465648954304000,,2.7000000013543968E-9,,,,
1465648956055000,,,7.499999926663392E-11,,,
1465648961298000,,3.000000026176508E-9,,,,
1465648973303000,,,,9.199999789766267E-11,,
1465649022298000,,3.000000026176508E-9,,,,
1465649034300000,,,,9.199999789766267E-11,,
1465649037567000,,,7.499999926663392E-11,,,
1465649044343000,2.8999999623913197E-10,,,,,
1465649086293000,,,,,,6.865991331039822E-9
1465649098297000,,2.900000017902471E-9,,,,
1465649108689000,2.7999999541172826E-10,,,,,
1465649117302000,,2.5999999930803597E-9,,,,
1465649121308000,,3.000000026176508E-9,,9.000000050773949E-11,,
1465649132299000,,2.7000000013543968E-9,,,,
1465649134302000,,3.000000026176508E-9,,,,
1465649140301000,,2.7000000013543968E-9,,,,
1465649148303000,,3.000000026176508E-9,,,,
1465649156306000,,2.7000000013543968E-9,,,,
1465649167337000,,,,,1.0693556262708626E-8,
1465649176294000,,3.000000026176508E-9,,,,
1465649177301000,,2.7000000013543968E-9,,,,
1465649179303000,,3.000000026176508E-9,,,,
1465649182301000,,,,9.000000050773949E-11,,
1465649186300000,,2.7000000013543968E-9,,,,
1465649189990000,,,,,,6.7694725380818E-9
1465649191300000,,3.000000026176508E-9,,,,
1465649193306000,,2.7000000013543968E-9,,,,
1465649194295000,,3.000000026176508E-9,,,,
1465649211303000,,2.7000000013543968E-9,,,,
1465649230665000,,,,,1.0693556262708626E-8,
1465649240303000,,3.000000026176508E-9,,,,
1465649243307000,,,,9.000000050773949E-11,,
1465649256341000,,,7.400000057167233E-11,,,
1465649279299000,,,,,,6.0849680849628385E-9
1465649300305000,,3.000000026176508E-9,,,,
1465649309307000,,,,9.099999920270108E-11,,
1465649312340000,2.8999999623913197E-10,,,,,
1465649326340000,,,,,1.1906394981053836E-8,
1465649329337000,,,7.400000057167233E-11,,,
1465649342569000,,,,,,6.0849680849628385E-9
1465649382301000,,,,8.90000018127779E-11,,
1465649383072000,,3.100000034450545E-9,,,,
1465649390338000,,,7.499999926663392E-11,,,
1465649392337000,,,,,1.0702473574042415E-8,
1465649393212000,2.7999999541172826E-10,,,,,
1465649443303000,,2.900000017902471E-9,,,,
1465649446305000,,,,8.90000018127779E-11,,
1465649454108000,,,7.400000057167233E-11,,,
1465649454137000,,,,,1.0702473574042415E-8,
1465649494303000,,,,,,6.7077405851989624E-9
1465649511298000,,,,9.000000050773949E-11,,
1465649512294000,,2.900000017902471E-9,,,,
1465649531339000,2.8999999623913197E-10,,,,,
1465649535804000,,,,,1.072031796667261E-8,
1465649556168000,,,,,,6.7077405851989624E-9
1465649572298000,,,,8.90000018127779E-11,,
1465649580296000,,2.900000017902471E-9,,,,
1465649596945000,2.7999999541172826E-10,,,,,
1465649609338000,,,7.300000187671074E-11,,,
1465649632301000,,,,8.90000018127779E-11,,
1465649647302000,,2.900000017902471E-9,,,,
1465649673339000,2.8999999623913197E-10,,,,,
1465649677342000,,,7.300000187671074E-11,,,
1465649694302000,,,,9.000000050773949E-11,,
1465649731301000,,3.000000026176508E-9,,,,
1465649739334000,,,7.400000057167233E-11,,,
1465649769755000,,,,8.90000018127779E-11,,
1465649779859000,2.7999999541172826E-10,,,,,
1465649786298000,,,,,,7.753722108816419E-9
1465649793294000,,3.000000026176508E-9,,,,
1465649811337000,,,,,1.2036005969662256E-8,
1465649813341000,,,7.300000187671074E-11,,,
1465649820300000,,,,,,9.532558742364472E-9
1465649833305000,,,,8.80000031178163E-11,,
1465649841341000,2.8999999623913197E-10,,,,,
1465649856299000,,3.000000026176508E-9,,,,
1465649879344000,,,7.300000187671074E-11,,,
1465649895302000,,,,8.90000018127779E-11,,
1465649901299000,,,,,,9.398545053329599E-9
1465649901855000,,,,,1.0729237942541658E-8,
1465649923304000,,2.900000017902471E-9,,,,
1465649939345000,,,7.400000057167233E-11,,,
1465649952562000,2.7999999541172826E-10,,,,,
1465649956296000,,,,8.90000018127779E-11,,
1465649982959000,,,,,,8.343326030058051E-9
1465649992303000,,3.100000034450545E-9,,,,
1465650011335000,,,,,1.184705578083367E-8,
1465650016302000,,,,8.90000018127779E-11,,
1465650021337000,2.8999999623913197E-10,,,,,
1465650053910000,,,7.300000187671074E-11,,,
1465650072306000,,3.000000026176508E-9,,,,
1465650074204000,,,,,1.184705578083367E-8,
1465650074304000,,,,,,9.532558742364472E-9
1465650079304000,,,,8.90000018127779E-11,,
1465650081342000,2.7999999541172826E-10,,,,,
1465650142299000,,,,8.90000018127779E-11,,
1465650142342000,,,,,1.204603172766383E-8,
1465650159343000,2.8999999623913197E-10,,,,,
1465650175843000,,,,,,8.504678739029714E-9
1465650192305000,,3.000000026176508E-9,,,,
1465650207297000,,,,8.699999748396081E-11,,
1465650230341000,,,7.200000318174915E-11,,,
1465650236728000,,,,,1.0791980642466115E-8,
1465650240343000,2.8999999623913197E-10,,,,,
1465650243296000,,,,,,9.398545053329599E-9
1465650266302000,,3.000000026176508E-9,,,,
1465650274298000,,,,8.699999748396081E-11,,
1465650285336000,,,,,1.304867414120281E-8,
1465650306344000,2.8999999623913197E-10,,,,,
1465650307834000,,,,,,9.398545053329599E-9
1465650328091000,,,7.200000318174915E-11,,,
1465650336294000,,,,8.80000031178163E-11,,
1465650348547000,,2.900000017902471E-9,,,,
1465650355346000,,,,,1.2994456177750635E-8,
1465650368338000,2.7999999541172826E-10,,,,,
1465650372298000,,,,,,1.0180826848227298E-8
1465650398304000,,,,8.80000031178163E-11,,
1465650419604000,,,,,1.2994456177750635E-8,
1465650420300000,,,,,,1.2600136933826889E-8
1465650438338000,2.7999999541172826E-10,,,,,
1465650452297000,,,,,,1.5452151558292826E-8
1465650463302000,,,,8.599999878899922E-11,,
1465650483303000,,3.000000026176508E-9,,,,1.887100964381716E-8
1465650490688000,,,,,1.4372170120680039E-8,
1465650504331000,2.7999999541172826E-10,,,,,
1465650509300000,,,,,,2.3258362347178263E-8
1465650520346000,,,,,1.8146620206493935E-8,
1465650526307000,,,,8.699999748396081E-11,,
1465650535299000,,,,,,2.833344403541105E-8
1465650546347000,,,,,2.2571365221324413E-8,
1465650553300000,,2.900000017902471E-9,,,,
1465650569304000,,,,,,3.431532746844823E-8
1465650570343000,2.7999999541172826E-10,,,,,
1465650576340000,,,,,2.7634319721414613E-8,
1465650587294000,,,,8.80000031178163E-11,,
1465650606341000,,,,,3.40307231283532E-8,
1465650624303000,,2.900000017902471E-9,,,,
1465650627339000,,,,,4.156009580924547E-8,
1465650646338000,2.7999999541172826E-10,,,,,
1465650648299000,,,,8.599999878899922E-11,,
1465650653315000,,,,,,3.7795853558009185E-8
1465650674344000,,,,,5.1436238379665156E-8,
1465650691294000,,3.000000026176508E-9,,,,
1465650708343000,2.8999999623913197E-10,,,,,
1465650709297000,,,,8.699999748396081E-11,,
1465650729345000,,,,,6.234757421452741E-8,
1465650754304000,,2.900000017902471E-9,,,,
1465650769338000,2.8999999623913197E-10,,,,,
1465650771311000,,,,8.699999748396081E-11,,
1465650780341000,,,7.099999754789366E-11,,7.557364511967535E-8,
1465650829340000,2.7999999541172826E-10,,,,,
1465650832307000,,,,8.599999878899922E-11,,
1465650848340000,,,7.099999754789366E-11,,,
1465650860297000,,2.900000017902471E-9,,,,
1465650866928000,,,,,8.584376587350562E-8,
1465650893302000,,,,8.699999748396081E-11,,
1465650893343000,2.8999999623913197E-10,,,,,
1465650901342000,,,,,1.044012876150191E-7,
1465650916337000,,,7.099999754789366E-11,,,
1465650920300000,,2.900000017902471E-9,,,,
1465650926295000,,,,,,4.197755387735924E-8
1465650954302000,,,,8.599999878899922E-11,,
1465650959340000,2.7999999541172826E-10,,,,,
1465650982348000,,,7.099999754789366E-11,,,
1465650988863000,,,,,,4.197755387735924E-8
1465650996298000,,2.900000017902471E-9,,,,
1465650999339000,,,,,1.295338449835981E-7,
1465651018296000,,,,8.699999748396081E-11,,
1465651020346000,2.8999999623913197E-10,,,,,
1465651048333000,,,7.099999754789366E-11,,,
1465651057297000,,2.900000017902471E-9,,,,
1465651078301000,,,,8.500000009403763E-11,,
1465651081305000,,2.3999999765322855E-9,,,,
1465651082339000,,,,,1.575361920913565E-7,
1465651100682000,,,,,,4.6544300857931376E-8
1465651105340000,2.7999999541172826E-10,,,,,
1465651109339000,,,7.200000318174915E-11,,,
1465651143335000,,,,,1.742388633374503E-7,
1465651144301000,,,,8.500000009403763E-11,,
1465651151478000,,2.3999999765322855E-9,,,,
1465651167335000,2.8999999623913197E-10,,,,,
1465651171830000,,,,,,5.13079285724416E-8
1465651175337000,,,7.099999754789366E-11,,,
1465651211301000,,,,8.500000009403763E-11,,
1465651212596000,,,,,1.742388633374503E-7,
1465651231336000,2.7999999541172826E-10,,,,,
1465651237342000,,,7.200000318174915E-11,,,
1465651243029000,,,,,,5.655904189438843E-8
1465651255304000,,2.5999999930803597E-9,,,,
1465651273297000,,,,8.599999878899922E-11,,6.872861035844835E-8
1465651281339000,,,,,1.936776783395544E-7,
1465651303922000,2.8999999623913197E-10,,,,,
1465651314125000,,,7.099999754789366E-11,,,
1465651320296000,,,,,,8.386511751723447E-8
1465651321296000,,2.5999999930803597E-9,,,,
1465651337303000,,,,8.500000009403763E-11,,
1465651344701000,,,,,1.936776783395544E-7,
1465651365303000,,,,,,1.0216497514647926E-7
1465651402302000,,,,8.599999878899922E-11,,
1465651405704000,2.8999999623913197E-10,,,,,
1465651408305000,,,,,,1.2425077500211046E-7
1465651424296000,,2.5999999930803597E-9,,,,
1465651453337000,,,,,2.357427035803994E-7,
1465651456301000,,,,,,1.5148894760841358E-7
1465651466303000,,,,8.599999878899922E-11,,
1465651475340000,2.7999999541172826E-10,,,,,
1465651486965000,,2.4999999848063226E-9,,,,
1465651506307000,,,,,,1.8439112636770005E-7
1465651532301000,,,,8.599999878899922E-11,,
1465651541343000,2.7999999541172826E-10,,,,2.8742232416334446E-7,
1465651555296000,,2.3999999765322855E-9,,,,2.2387909837107145E-7
1465651579341000,,,7.300000187671074E-11,,,
1465651596298000,,,,8.599999878899922E-11,,
1465651604303000,,,,,,2.722767931118142E-7
1465651616306000,,2.5999999930803597E-9,,,,
1465651621337000,,,,,3.4955681371684477E-7,
1465651626342000,2.7999999541172826E-10,,,,,
1465651651295000,,,,,,3.3058594794965757E-7
1465651657299000,,,,8.400000139907604E-11,,
1465651670107000,,,7.099999754789366E-11,,,
1465651674342000,,,,,4.26186630875236E-7,
1465651681299000,,2.3999999765322855E-9,,,,
1465651692337000,2.7999999541172826E-10,,,,,
1465651699307000,,,,,,4.017167043457448E-7
1465651718302000,,,,8.599999878899922E-11,,
1465651732339000,,,,,5.209151368035236E-7,
1465651743298000,,,,,,4.889658953288745E-7
1465651748299000,,2.3999999765322855E-9,,,,
1465651753334000,2.7999999541172826E-10,,,,,
1465651781302000,,,,8.500000009403763E-11,,
1465651785350000,,,,,6.314186293820967E-7,
1465651790302000,,,,,,5.976483521408227E-7
1465651815346000,2.8999999623913197E-10,,,,,
1465651825303000,,2.3999999765322855E-9,,,,
1465651837300000,,,,,,7.23826644843939E-7
1465651842303000,,,,8.599999878899922E-11,,
1465651849347000,,,7.400000057167233E-11,,7.704800282226643E-7,
1465651855292000,,2.7000000013543968E-9,,,,
1465651883341000,2.8999999623913197E-10,,,,,
1465651886302000,,,,,,8.781050837569637E-7
1465651902305000,,,,8.500000009403763E-11,,
1465651913342000,,,7.099999754789366E-11,,,
1465651917341000,,,,,9.425194775758428E-7,
1465651920305000,,2.4999999848063226E-9,,,,
1465651945334000,2.8999999623913197E-10,,,,,
1465651966300000,,,,8.500000009403763E-11,,
1465651985320000,,,,,9.425194775758428E-7,
1465651985329000,,,,,,9.679752110969275E-7
1465651991297000,,2.5999999930803597E-9,,,,
1465651991346000,,,7.099999754789366E-11,,,
1465652015340000,2.7999999541172826E-10,,,,,
1465652029341000,,,,,7.552325200776977E-7,
1465652031304000,,,,8.500000009403763E-11,,
1465652067301000,,,,,,8.708226459930302E-7
1465652076761000,,,7.099999754789366E-11,,,
1465652081339000,2.7999999541172826E-10,,,,,
1465652084299000,,2.3999999765322855E-9,,,,
1465652094299000,,,,8.599999878899922E-11,,
1465652097335000,,,,,6.031488624103076E-7,
1465652127564000,,,,,,8.708226459930302E-7
1465652132296000,,2.7000000013543968E-9,,,,
1465652142298000,,2.3999999765322855E-9,,,,
1465652142342000,2.8999999623913197E-10,,,,,
1465652155339000,,,6.999999885293207E-11,,,
1465652165345000,,,,,4.845069270231761E-7,
1465652185304000,,,,8.400000139907604E-11,,
1465652204297000,,2.3999999765322855E-9,,,,
1465652207300000,,,,,,7.036185252218274E-7
1465652208342000,2.7999999541172826E-10,,,,,
1465652219337000,,,6.999999885293207E-11,,,
1465652231344000,,,,,3.9147815300566435E-7,
1465652249296000,,,,8.400000139907604E-11,,
1465652264301000,,2.5999999930803597E-9,,,,
1465652269811000,,,,,,7.036185252218274E-7
1465652272341000,2.7999999541172826E-10,,,,,
1465652279917000,,,6.999999885293207E-11,,,
1465652294304000,,3.100000034450545E-9,,,,
1465652296306000,,3.6000000758207307E-9,,,,
1465652310301000,,,,8.500000009403763E-11,,
1465652333352000,2.7999999541172826E-10,,,,,
1465652340341000,,,6.999999885293207E-11,,,
1465652340871000,,,,,3.504311507640523E-7,
1465652340872000,,,,,,6.329982511488197E-7
1465652344300000,,3.2000000427245823E-9,,,,
1465652376298000,,,,8.400000139907604E-11,,
1465652393295000,,3.6000000758207307E-9,,,,
1465652397301000,,3.2000000427245823E-9,,,,
1465652418344000,,,6.999999885293207E-11,,,
1465652421998000,,,,,3.1447274295715033E-7,
1465652427336000,2.7999999541172826E-10,,,,,
1465652446298000,,,,8.500000009403763E-11,,
1465652451299000,,3.7999998703242E-9,,,,
1465652479302000,,3.4000000592726565E-9,,,,
1465652489334000,,,6.999999885293207E-11,,,
1465652501303000,,,,,,6.983639764257532E-7
1465652514299000,,,,8.500000009403763E-11,,
1465652527335000,2.8999999623913197E-10,,,,,
1465652542298000,,3.7999998703242E-9,,,,
1465652557303000,,3.3000000509986194E-9,,,,
1465652564262000,,,,,,6.983639764257532E-7
1465652574425000,,,6.900000015797048E-11,,,
1465652581293000,,,,8.300000270411445E-11,,
1465652618295000,,3.5000000675466936E-9,,,,
1465652623297000,,3.100000034450545E-9,,,,
1465652628296000,,3.5000000675466936E-9,,,,
1465652641297000,,,,8.400000139907604E-11,,
1465652642294000,,2.800000009628434E-9,,,,
1465652648345000,2.7999999541172826E-10,,,,,
1465652651299000,,3.3000000509986194E-9,,,,
1465652652302000,,3.7000000840947678E-9,,,,
1465652666141000,,,,,,7.685572995796974E-7
1465652701308000,,,,8.300000270411445E-11,,
1465652713304000,,3.899999878598237E-9,,,,
1465652723305000,,3.5000000675466936E-9,,,,
1465652735346000,2.7999999541172826E-10,,,,,
1465652769296000,,,,8.400000139907604E-11,,
1465652777880000,,,,,,8.472156878269743E-7
1465652792302000,,3.2000000427245823E-9,,,,
1465652807338000,2.8999999623913197E-10,,,,,
1465652843305000,,,,8.199999707025896E-11,,
1465652852306000,,3.100000034450545E-9,,,,
1465652852341000,,,6.800000146300889E-11,,,
1465652879495000,2.7999999541172826E-10,,,,,
1465652904301000,,,,8.300000270411445E-11,,
1465652918300000,,3.3000000509986194E-9,,,,9.323698009211512E-7
1465652943297000,,3.7000000840947678E-9,,,,
1465652950336000,2.8999999623913197E-10,,,,,
1465652965302000,,,,8.300000270411445E-11,,
1465652981064000,,,6.800000146300889E-11,,,
1465652981108000,,,,,,9.323698009211512E-7
1465653005299000,,3.5000000675466936E-9,,,,
1465653016338000,2.7999999541172826E-10,,,,,
1465653037298000,,,,8.300000270411445E-11,,
1465653075345000,,,,,2.8149989361736516E-7,
1465653078300000,,3.2000000427245823E-9,,,,
1465653099339000,2.8999999623913197E-10,,,,,
1465653108299000,,,,8.099999837529737E-11,,8.380923190998146E-7
1465653121295000,,3.6000000758207307E-9,,,,
1465653122345000,,,,,2.266933734063059E-7,
1465653146302000,,,,,,6.74358602736902E-7
1465653158345000,,,6.70000027680473E-11,,1.8164740822612657E-7,
1465653171298000,,,,8.199999707025896E-11,,
1465653181304000,,3.6000000758207307E-9,,,,5.426124403129506E-7
1465653192339000,,,,,1.4494767697215138E-7,
1465653194545000,2.7999999541172826E-10,,,,,
1465653208303000,,,,,,4.3733314214478014E-7
1465653210299000,,3.2000000427245823E-9,,,,
1465653226340000,,,,,1.145125665402702E-7,
1465653235304000,,,,8.099999837529737E-11,,
1465653239294000,,,,,,3.4926577541227743E-7
1465653255295000,,3.6000000758207307E-9,,,,
1465653255456000,,,6.70000027680473E-11,,,
1465653262341000,,,,,9.107275644737456E-8,
1465653267296000,,,,,,2.826746765549615E-7
1465653277338000,2.7999999541172826E-10,,,,,
1465653298303000,,,,7.999999968033578E-11,,2.265047243099616E-7
1465653305335000,,,,,7.183015782175062E-8,
1465653313303000,,3.100000034450545E-9,,,,
1465653333302000,,,,,,1.8210201346846588E-7
1465653341353000,,,,,5.6370947021378015E-8,
1465653345338000,2.7999999541172826E-10,,,,,
1465653346944000,,,6.70000027680473E-11,,,
1465653354302000,,3.6000000758207307E-9,,,,
1465653357303000,,3.2000000427245823E-9,,,,
1465653359298000,,,,7.999999968033578E-11,,
1465653365296000,,,,,,1.461600334096147E-7
1465653400296000,,,,,,1.1711674829939511E-7
1465653402344000,,,,,4.5169539220069055E-8,
1465653405346000,2.7999999541172826E-10,,,,,
1465653424301000,,,,7.900000098537419E-11,,
1465653424344000,,,6.70000027680473E-11,,,
1465653426299000,,3.3000000509986194E-9,,,,
1465653439302000,,,,,,9.291144209555569E-8
1465653457338000,,,,,3.61036640583734E-8,
1465653483300000,,,,,,7.444911176435198E-8
1465653487304000,,3.2000000427245823E-9,,,,
1465653491299000,,,,7.999999968033578E-11,,
1465653502341000,2.7999999541172826E-10,,,,,
1465653524344000,,,6.70000027680473E-11,,,
1465653527305000,,,,,,5.9358104209650264E-8
1465653540476000,,,,,3.234506706917273E-8,
1465653559295000,,,,7.999999968033578E-11,,
1465653570341000,2.7999999541172826E-10,,,,,
1465653594304000,,3.3000000509986194E-9,,,,
1465653600339000,,,,,2.5853159613120624E-8,
1465653601443000,,,6.59999971341918E-11,,,
1465653611297000,,,,,,4.7801449909457006E-8
1465653619305000,,,,7.900000098537419E-11,,
1465653630342000,2.8999999623913197E-10,,,,,
1465653660301000,,3.3000000509986194E-9,,,,
1465653662451000,,,,,2.5853159613120624E-8,
1465653666342000,,,6.70000027680473E-11,,,
1465653681307000,,,,7.80000022904126E-11,,
1465653691340000,2.7999999541172826E-10,,,,,
1465653700301000,,,,,,3.751363308879263E-8
1465653721304000,,3.3000000509986194E-9,,,,
1465653743300000,,,,7.80000022904126E-11,,
1465653743676000,,,6.59999971341918E-11,,,
1465653763958000,,,,,,3.751363308879263E-8
1465653784363000,2.8999999623913197E-10,,,,,
1465653785294000,,3.100000034450545E-9,,,,
1465653789332000,,,,,2.3200341203732933E-8,
1465653790302000,,,,,,2.9439959803312377E-8
1465653808336000,,,6.800000146300889E-11,,,
1465653809300000,,,,7.999999968033578E-11,,
1465653845302000,,3.2000000427245823E-9,,,,
1465653853342000,,,,,2.5853159613120624E-8,
1465653855342000,2.7999999541172826E-10,,,,,
1465653855675000,,,,,,2.9439959803312377E-8
1465653862304000,,3.7000000840947678E-9,,,,
1465653868342000,,,7.200000318174915E-11,,,
1465653870300000,,,,7.999999968033578E-11,,
1465653918297000,,,,,,2.3648993874303414E-8
1465653923333000,2.7999999541172826E-10,,,,,
1465653924303000,,3.7000000840947678E-9,,,,
1465653932298000,,,,8.099999837529737E-11,,
1465653932341000,,,6.999999885293207E-11,,,
1465653949300000,,3.3000000509986194E-9,,,,
1465653952296000,,,,9.000000050773949E-11,,
1465653954306000,,,,9.90000026401816E-11,,
1465653957339000,,,7.7000003595451E-11,,,
1465653960307000,,,,1.100000021625469E-10,,
1465653965304000,,,,1.2999999687846042E-10,,
1465653974341000,,,8.599999878899922E-11,,,
1465653977916000,,,,,2.3123142511849437E-8,
1465653979296000,,,,1.100000021625469E-10,,
1465653980336000,,,9.500000092144134E-11,,,
1465653987342000,2.8999999623913197E-10,,,,,
1465653991338000,,,1.100000021625469E-10,,,
1465653997296000,,3.7000000840947678E-9,,,,
1465653998298000,,,,,,2.2950505496055484E-8
1465654016339000,,,,,2.6595694535558323E-8,
1465654042302000,,3.3000000509986194E-9,,,,
1465654049335000,2.7999999541172826E-10,,,,,
1465654059213000,,,,1.000000013351432E-10,,
1465654059250000,,,,,,2.2950505496055484E-8
1465654079782000,,,1.100000021625469E-10,,,
1465654100127000,,,,,2.285512223920705E-8,
1465654111300000,,3.2000000427245823E-9,,,,
1465654117340000,2.8999999623913197E-10,,,,,
1465654132300000,,3.6000000758207307E-9,,,,
1465654149301000,,3.2000000427245823E-9,,,,
1465654150875000,,,1.000000013351432E-10,,,
1465654150904000,,,,,,2.0544113965570432E-8
1465654171296000,,,,1.100000021625469E-10,,
1465654174343000,,,1.100000021625469E-10,,,
1465654176338000,,,1.2999999687846042E-10,,,
1465654178332000,2.8999999623913197E-10,,,,,
1465654181298000,,,,1.2999999687846042E-10,,
1465654191346000,,,1.100000021625469E-10,,,
1465654200301000,,,,,,1.6379773981611834E-8
1465654210298000,,3.4000000592726565E-9,,,,
1465654213298000,,,,1.4999999853326784E-10,,
1465654222020000,,,,,2.5553497096098E-8,
1465654222305000,,,,1.7000000018807526E-10,,
1465654224303000,,,,,,1.9904121018043952E-8
1465654253341000,,,1.100000021625469E-10,,,
1465654269343000,,,,,2.1098964353427618E-8,
1465654271304000,,3.4000000592726565E-9,,,,
1465654281306000,,,,1.9000000184288268E-10,,
1465654282986000,2.8999999623913197E-10,,,,,
1465654287335000,,,1.2999999687846042E-10,,,
1465654295304000,,,,2.100000034976901E-10,,
1465654303468000,,,,,,1.774311542135365E-8
1465654306343000,,,1.4999999853326784E-10,,,
1465654307304000,,,,2.399999921021134E-10,,
1465654318302000,,,,2.6999999458432455E-10,,
1465654318335000,,,1.7000000018807526E-10,,,
1465654328297000,,,,2.999999970665357E-10,,
1465654331344000,,,1.9000000184288268E-10,,,
1465654333914000,,,,,2.1098964353427618E-8,
1465654334303000,,3.4000000592726565E-9,,,,
1465654335304000,,,,3.299999995487468E-10,,
1465654340333000,,,2.100000034976901E-10,,,
1465654343300000,,,,3.7000000285836165E-10,,
1465654350335000,,,2.399999921021134E-10,,,
1465654351300000,,,,4.100000061679765E-10,,
1465654354198000,2.8999999623913197E-10,,,,,
1465654359345000,,,2.6999999458432455E-10,,,
1465654360303000,,,,4.6000001030499504E-10,,
1465654366306000,,,,,,1.5922461571449276E-8
1465654367298000,,,,5.09999986686438E-10,,
1465654369335000,,,2.999999970665357E-10,,,
1465654374303000,,,,5.699999916508602E-10,,
1465654376343000,,,3.299999995487468E-10,,,
1465654381304000,,,,6.399999974426862E-10,,
1465654384340000,,,3.7000000285836165E-10,,,
1465654388295000,,,,7.100000032345122E-10,,
1465654393344000,,,4.200000069953802E-10,,,
1465654395303000,,3.3000000509986194E-9,,7.900000098537419E-10,,
1465654401341000,,,4.699999833768231E-10,,,
1465654402302000,,,,8.800000173003752E-10,,
1465654410306000,,,,9.899999708906648E-10,,
1465654410342000,,,5.299999883412454E-10,,,
1465654417297000,,,,1.0999999799921056E-9,,
1465654418337000,,,5.899999933056677E-10,,2.2912299613153664E-8,
1465654427304000,,,,1.2999999965401798E-9,,
1465654427340000,,,6.699999999248973E-10,,,
1465654435344000,,,7.400000057167233E-10,,,
1465654437297000,,,,1.500000013088254E-9,,
1465654441296000,,,,,,1.2673807781027335E-8
1465654444303000,,,,1.7000000296363282E-9,,
1465654444341000,,,8.400000139907604E-10,,,
1465654452302000,,,,1.8999999351621E-9,,
1465654452335000,,,9.300000214373938E-10,,,
1465654456301000,,3.3000000509986194E-9,,,,
1465654458296000,,,,2.099999951710174E-9,,
1465654465337000,,,1.0999999799921056E-9,,,
1465654468303000,,,,2.3999999765322855E-9,,
1465654474336000,2.7999999541172826E-10,,,,,
1465654478297000,,,,2.7000000013543968E-9,,
1465654478338000,,,1.2999999965401798E-9,,,
1465654486306000,,,,3.000000026176508E-9,,
1465654486545000,,,,,2.2912299613153664E-8,
1465654489346000,,,1.500000013088254E-9,,,
1465654492303000,,,,3.3000000509986194E-9,,
1465654499341000,,,1.7000000296363282E-9,,,
1465654502296000,,,,3.7000000840947678E-9,,
1465654506774000,,,,,,1.2673807781027335E-8
1465654508339000,,,1.8999999351621E-9,,,
1465654511300000,,,,4.099999895146311E-9,,
1465654516346000,,,2.099999951710174E-9,,,
1465654518303000,,3.4000000592726565E-9,,,,
1465654522296000,,,,4.599999936516497E-9,,
1465654529340000,,,2.3999999765322855E-9,,,
1465654532297000,,,,5.099999977886682E-9,,
1465654535335000,2.8999999623913197E-10,,,,,
1465654540342000,,,2.7000000013543968E-9,,,
1465654542296000,,,,5.700000027530905E-9,,
1465654550343000,,,3.000000026176508E-9,,,
1465654553298000,,,,6.3000000771751274E-9,,
1465654559337000,,,3.3000000509986194E-9,,,
1465654564300000,,,,7.000000135093387E-9,,
1465654571304000,,3.7999998703242E-9,,,,
1465654571344000,,,3.7000000840947678E-9,,,
1465654574303000,,,,,,1.2423010176121352E-8
1465654577303000,,,,7.799999757196474E-9,,
1465654584338000,,,4.099999895146311E-9,,,
1465654590301000,,,,8.599999823388771E-9,,
1465654597348000,,,,,2.859422387757604E-8,
1465654599336000,,,4.599999936516497E-9,,,
1465654601307000,,3.4000000592726565E-9,,,,
1465654601343000,2.7999999541172826E-10,,,,,
1465654606302000,,,,9.499999897855105E-9,,
1465654612344000,,,5.099999977886682E-9,,,
1465654631346000,,,5.700000027530905E-9,,2.3007899585536506E-8,
1465654633303000,,,,1.1000000021965661E-8,,
1465654638889000,,,,,,1.2423010176121352E-8
1465654648343000,,,6.3000000771751274E-9,,,
1465654669341000,2.7999999541172826E-10,,,,,
1465654671335000,,,7.000000135093387E-9,,,
1465654678300000,,,,1.3000000187446403E-8,,
1465654689705000,,3.4000000592726565E-9,,,,
1465654701341000,,,7.799999757196474E-9,,,
1465654720171000,,,,,2.589627001725603E-8,
1465654735347000,2.7999999541172826E-10,,,,,
1465654745298000,,3.7999998703242E-9,,,,
1465654747299000,,3.4000000592726565E-9,,,,
1465654749303000,,,,,,1.3820474542569627E-8
1465654763304000,,,,1.4999999464748726E-8,,
1465654769343000,,,8.599999823388771E-9,,,
1465654797348000,,,,,2.339434956866171E-8,
1465654801384000,2.8999999623913197E-10,,,,,
1465654812304000,,3.6000000758207307E-9,,,,
1465654830299000,,,,1.4999999464748726E-8,,
1465654848340000,,,8.599999823388771E-9,,,
1465654852143000,,,,,,1.3580863544859767E-8
1465654871341000,,,,,2.302708423940203E-8,
1465654880301000,,3.7999998703242E-9,,,,
1465654897333000,2.7999999541172826E-10,,,,,
1465654901302000,,3.4000000592726565E-9,,,,
1465654906302000,,,,1.6999999630229468E-8,,
1465654909342000,,,9.399999889581068E-9,,,
1465654926299000,,,,,,1.2197456378260085E-8
1465654933403000,,,,,2.302708423940203E-8,
1465654967338000,2.8999999623913197E-10,,,,,
1465654970299000,,3.6000000758207307E-9,,,,
1465654973341000,,,9.799999922677216E-9,,,
1465654973949000,,,,1.6999999630229468E-8,,
1465655030303000,,3.3000000509986194E-9,,,,
1465655031342000,2.8999999623913197E-10,,,,,
1465655034956000,,,,,,1.0936743066736199E-8
1465655041341000,,,9.399999889581068E-9,,,
1465655054344000,,,,,2.0681444112824465E-8,
1465655088298000,,,,1.799999971296984E-8,,
1465655091298000,,3.4000000592726565E-9,,,,
1465655094334000,2.8999999623913197E-10,,,,,
1465655115338000,,,,,2.0339827599968885E-8,
1465655146771000,,,,,,1.213666678268055E-8
1465655156342000,,,9.599999906129142E-9,,,
1465655156862000,,,,1.799999971296984E-8,,
1465655158335000,2.7999999541172826E-10,,,,,
1465655164301000,,3.3000000509986194E-9,,,,
1465655187354000,,,,,2.2421486889356856E-8,
1465655218345000,2.7999999541172826E-10,,,,,
1465655222339000,,,8.799999839936845E-9,,,
1465655225297000,,,,1.799999971296984E-8,,
1465655233306000,,,,,,1.312496777927663E-8
1465655234298000,,3.4000000592726565E-9,,,,
1465655281340000,2.8999999623913197E-10,,,,,
1465655286339000,,,9.199999873032993E-9,,,
1465655296296000,,3.4000000592726565E-9,,,,
1465655296336000,,,,,2.0441705217422168E-8,
1465655319246000,,,,1.899999979571021E-8,,
1465655319301000,,,,,,1.1583627390621132E-8
1465655343344000,2.8999999623913197E-10,,,,,
1465655356301000,,3.3000000509986194E-9,,,,
1465655359868000,,,,,2.0441705217422168E-8,
1465655360346000,,,,,2.36293136168797E-8,
1465655390322000,,,9.99999993922529E-9,,,
1465655391303000,,,,1.6999999630229468E-8,,
1465655392347000,,,1.1000000021965661E-8,,,
1465655400554000,,,,,,1.0291633323333826E-8
1465655411337000,2.8999999623913197E-10,,,,,
1465655416302000,,3.4000000592726565E-9,,,,
1465655451355000,,,,,2.102879648191447E-8,
1465655462302000,,,,1.4999999464748726E-8,,
1465655475345000,2.8999999623913197E-10,,,,,
1465655479299000,,3.3000000509986194E-9,,,,
1465655509338000,,,1.3000000187446403E-8,,,
1465655527294000,,,,1.3000000187446403E-8,,
1465655536296000,,3.899999878598237E-9,,,,
1465655537303000,,,,,,9.189561112066258E-9
1465655538296000,,3.5000000675466936E-9,,,,
1465655542782000,,,,,2.0441705217422168E-8,
1465655545302000,,2.4999999848063226E-9,,,,
1465655552867000,2.7999999541172826E-10,,,,,
1465655566345000,,,1.4999999464748726E-8,,,
1465655574294000,,,,,,1.0596050259437106E-8
1465655610308000,,,,,,1.3356534545039267E-8
1465655611341000,,,1.6999999630229468E-8,,,
1465655614122000,,,,,1.7951204966948353E-8,
1465655622302000,,,,1.3000000187446403E-8,,
1465655638303000,,,,,,1.0666881600229772E-8
1465655638339000,,,1.899999979571021E-8,,,
1465655654834000,,2.7000000013543968E-9,,,,
1465655657340000,,,2.099999996119095E-8,,,
1465655660339000,2.7999999541172826E-10,,,,,
1465655664339000,,,2.5000000292152436E-8,,,
1465655666303000,,,,1.4999999464748726E-8,,
1465655685348000,,,2.800000054037355E-8,,,
1465655702305000,,,,,,1.3751582095267167E-8
1465655702338000,,,3.099999901223782E-8,,,
1465655715800000,,,,,1.768409063629406E-8,
1465655719302000,,,,1.6999999630229468E-8,,
1465655725339000,,,3.4999999343199306E-8,,,
1465655728339000,2.8999999623913197E-10,,,,,
1465655747344000,,,3.899999967416079E-8,,,
1465655750303000,,,,,,1.1074224204321581E-8
1465655768345000,,,4.3000000005122274E-8,,,
1465655776713000,,2.7000000013543968E-9,,,,
1465655780296000,,,,1.899999979571021E-8,,
1465655796341000,2.8999999623913197E-10,,4.800000041882413E-8,,,
1465655821350000,,,5.3000000832525984E-8,,,
1465655826293000,,,,2.099999996119095E-8,,
1465655827586000,,,,,,9.806335299344937E-9
1465655839297000,,2.5999999930803597E-9,,,,
1465655862335000,2.8999999623913197E-10,,,,,
1465655876341000,,,5.900000132896821E-8,,,
1465655884307000,,,,2.4000000209412065E-8,,
1465655908340000,,,6.500000182541044E-8,,,
1465655929220000,2.8999999623913197E-10,,,,,
1465655933309000,,,,2.7000000457633178E-8,,
1465655939293000,,2.7000000013543968E-9,,,,
1465655946339000,,,7.199999885187935E-8,,,
1465655949299000,,,,,,1.085507950193687E-8
1465655967304000,,,,2.999999892949745E-8,,
1465655974344000,,,,,1.9722611099837195E-8,
1465655976334000,,,7.999999951380232E-8,,,
1465655980296000,,,,3.2999999177718564E-8,,
1465655990298000,,,,3.699999950868005E-8,,
1465655991337000,,,8.800000017572529E-8,,,
1465655995339000,2.8999999623913197E-10,,,,,
1465655999301000,,,,4.099999983964153E-8,,
1465656004346000,,,9.8000001003129E-8,,,
1465656010305000,,,,4.600000025334339E-8,,
1465656016301000,,2.7000000013543968E-9,,,,
1465656019338000,,,1.1000000199601345E-7,,,
1465656020299000,,,,5.100000066704524E-8,,
1465656030300000,,,,5.700000116348747E-8,,
1465656038303000,,,,6.30000016599297E-8,,
1465656040342000,,,1.3000000365082087E-7,,,
1465656040876000,,,,,1.9722611099837195E-8,
1465656048301000,,,,6.999999868639861E-8,,
1465656051063000,,,,,,1.0837019281950688E-8
1465656055296000,,,,7.700000281829489E-8,,
1465656057340000,,,1.500000053056283E-7,,,
1465656067302000,,,,8.500000348021786E-8,,
1465656074337000,,,1.700000069604357E-7,,,
1465656078297000,,,,9.400000067216752E-8,,
1465656085300000,,2.5999999930803597E-9,,,,
1465656087339000,2.8999999623913197E-10,,,,,
1465656089341000,,,1.8999999440438842E-7,,,
1465656096299000,,,,1.1000000199601345E-7,,
1465656106337000,,,2.0999999605919584E-7,,,
1465656116305000,,,,1.3000000365082087E-7,,
1465656133335000,,,2.399999914359796E-7,,,
1465656137307000,,,,1.500000053056283E-7,,
1465656150301000,,2.7000000013543968E-9,,,,
1465656155305000,,,,1.700000069604357E-7,,
1465656163340000,,,2.699999868127634E-7,,,
1465656172296000,,,,1.8999999440438842E-7,,
1465656180339000,2.7999999541172826E-10,,,,,
1465656191302000,,,,2.0999999605919584E-7,,
1465656191337000,,,3.000000106112566E-7,,,
1465656201305000,,,,,,9.725003025096157E-9
1465656211298000,,,,,,1.2516468750334298E-8
1465656214303000,,2.5999999930803597E-9,,,,
1465656219298000,,,,2.399999914359796E-7,,
1465656240350000,,,3.400000139208714E-7,,,
1465656247296000,,,,,,9.572332260177063E-9
1465656249299000,,,,2.699999868127634E-7,,
1465656282297000,,,,3.000000106112566E-7,,
1465656305019000,2.7999999541172826E-10,,,,,
1465656309299000,,,,,,1.199597843282163E-8
1465656312344000,,,3.7999998880877683E-7,,,
1465656314305000,,2.5999999930803597E-9,,,,
1465656320334000,,,,,1.7552062914205635E-8,
1465656329305000,,,,3.400000139208714E-7,,
1465656375295000,,2.7000000013543968E-9,,,,
1465656382346000,2.7999999541172826E-10,,,,,
1465656384298000,,,,3.7999998880877683E-7,,
1465656386349000,,,4.199999921183917E-7,,,
1465656386543000,,,,,1.7552062914205635E-8,
1465656396643000,,,,,,1.064026200481294E-8
1465656431299000,,3.7000000840947678E-9,,,,
1465656446339000,2.8999999623913197E-10,,,,,
1465656447296000,,,,4.199999921183917E-7,,
1465656465336000,,,,,1.9510245863330056E-8,
1465656478298000,,,,,,9.524615762757094E-9
1465656480339000,,,4.4999998749517545E-7,,,
1465656494301000,,3.5000000675466936E-9,,,,
1465656507303000,,,,4.4999998749517545E-7,,
1465656528900000,,,,,1.9510245863330056E-8,
1465656538984000,2.7999999541172826E-10,,,,,
1465656546301000,,,,,,1.1564354807092059E-8
1465656565335000,,,4.700000033608376E-7,,,
1465656568303000,,3.4000000592726565E-9,,,,
1465656578299000,,,,4.799999828719592E-7,,
1465656618295000,,,,,,1.1373335162545573E-8
1465656620296000,,,,,1.752284362055434E-8,
1465656632303000,,3.6000000758207307E-9,,,,
1465656644300000,,,,4.999999987376214E-7,,
1465656644339000,2.8999999623913197E-10,,,,,
1465656691406000,,,4.799999828719592E-7,,,
1465656694293000,,3.5000000675466936E-9,,,,
1465656697301000,,4.099999895146311E-9,,,,
1465656699299000,,,,,,9.143761303676001E-9
1465656706299000,,3.5000000675466936E-9,,,,
1465656716298000,,,,5.200000146032835E-7,,
1465656742326000,2.7999999541172826E-10,,,,,
1465656745297000,,3.899999878598237E-9,,,,
1465656747303000,,3.5000000675466936E-9,,,,
1465656762747000,,,,,,9.143761303676001E-9
1465656779309000,,,,5.300000225361146E-7,,
1465656787302000,,4.099999895146311E-9,,,,
1465656790300000,,3.6000000758207307E-9,,,,
1465656803633000,,,4.899999908047903E-7,,,
1465656809302000,,3.999999886872274E-9,,,,
1465656810299000,,3.4000000592726565E-9,,,,
1465656826303000,,,,,,1.0412342987820011E-8
1465656843300000,,,,5.399999736255268E-7,,
1465656867339000,2.8999999623913197E-10,,,,,
1465656874305000,,3.5000000675466936E-9,,,,
1465656883306000,,3.100000034450545E-9,,,,
1465656887303000,,,,,,9.281866830690433E-9
1465656905338000,,,4.999999987376214E-7,,,
1465656908294000,,,,,,1.1564354807092059E-8
1465656915775000,,,,5.399999736255268E-7,,
1465656930342000,2.7999999541172826E-10,,,,,
1465656951300000,,3.2000000427245823E-9,,,,
1465656976818000,,,,,,1.1564354807092059E-8
1465657011304000,,3.4000000592726565E-9,,,,
1465657017435000,,,4.999999987376214E-7,,,
1465657018345000,2.7999999541172826E-10,,,,,
1465657027614000,,,,5.499999815583578E-7,,
1465657056296000,,,,,,1.0172342967962322E-8
1465657059295000,,,,,,1.2197456378260085E-8
1465657075305000,,3.2000000427245823E-9,,,,
1465657090341000,2.8999999623913197E-10,,,,,
1465657093303000,,,,5.599999894911889E-7,,
1465657136301000,,3.2000000427245823E-9,,,,
1465657137303000,,,,,,1.0927641014291112E-8
1465657154343000,2.8999999623913197E-10,,,,,
1465657155301000,,,,5.499999815583578E-7,,
1465657197296000,,3.5000000675466936E-9,,,,
1465657209302000,,3.100000034450545E-9,,,,
1465657216298000,,,,5.499999815583578E-7,,
1465657220868000,,,,,,1.1083457707172784E-8
1465657260349000,,,,,1.572477792421978E-8,
1465657262347000,2.8999999623913197E-10,,,,,
1465657276305000,,3.000000026176508E-9,,,,
1465657291911000,,,,5.599999894911889E-7,,
1465657292303000,,3.3000000509986194E-9,,,,
1465657322302000,,,,,,1.2330236387469995E-8
1465657322436000,,,,,1.572477792421978E-8,
1465657324335000,2.8999999623913197E-10,,,,,
1465657355307000,,3.3000000509986194E-9,,,,
1465657414046000,2.7999999541172826E-10,,,,,
1465657416302000,,3.100000034450545E-9,,,,
1465657418295000,,,,,,1.0274511019758847E-8
1465657477302000,,3.100000034450545E-9,,,,
1465657479343000,2.8999999623913197E-10,,,,,
1465657482305000,,,,,,1.1363859186985792E-8
1465657485342000,,,,,1.7435514365615745E-8,
1465657538295000,,,,5.499999815583578E-7,,
1465657539298000,,3.2000000427245823E-9,,,,
1465657548299000,,,,4.899999908047903E-7,,
1465657553308000,,,,,,1.1288400436626489E-8
1465657554298000,,,,4.400000079840538E-7,,
1465657560299000,,,,3.7999998880877683E-7,,
1465657564336000,,,4.899999908047903E-7,,,
1465657566300000,,,,3.400000139208714E-7,,
1465657571299000,,,,3.000000106112566E-7,,
1465657574336000,,,,,1.7552062914205635E-8,
1465657577302000,,,,2.699999868127634E-7,,
1465657577334000,,,4.400000079840538E-7,,,
1465657582300000,,,,2.399999914359796E-7,,
1465657585343000,,,3.7999998880877683E-7,,,
1465657588304000,,,,2.0999999605919584E-7,,
1465657594303000,,,,1.8000000068241206E-7,,
1465657594339000,,,3.3000000598804036E-7,,,
1465657596950000,2.7999999541172826E-10,,,,,
1465657599297000,,,,1.5999999902760464E-7,,
1465657603295000,,3.3000000509986194E-9,,,,
1465657604295000,,,,1.3999999737279722E-7,,
1465657604340000,,,2.7999999474559445E-7,,,
1465657610342000,,,2.499999993688107E-7,,,
1465657611296000,,,,1.199999957179898E-7,,
1465657617342000,,,2.200000039920269E-7,,,
1465657618306000,,,,1.0000000116860974E-7,,1.0882225787156585E-8
1465657625345000,,,1.8999999440438842E-7,,,
1465657628301000,,,,8.899999670575198E-8,,
1465657630343000,,,1.700000069604357E-7,,,
1465657632298000,,,,7.900000298377563E-8,,
1465657636340000,,,1.500000053056283E-7,,,
1465657637299000,,,,7.100000232185266E-8,,
1465657637664000,,,,,1.7552062914205635E-8,
1465657640344000,,,1.3000000365082087E-7,,,
1465657643298000,,,,6.30000016599297E-8,,
1465657648305000,,,,5.60000010807471E-8,,
1465657649335000,,,1.1000000199601345E-7,,,
1465657653299000,,,,5.000000058430487E-8,,
1465657655341000,,,9.699999736767495E-8,,,
1465657660298000,,,,4.5000000170603016E-8,,
1465657661338000,,,8.39999998447638E-8,,,
1465657666305000,,,,3.999999975690116E-8,,
1465657666335000,2.8999999623913197E-10,,,,,
1465657668299000,,3.3000000509986194E-9,,,,
1465657668342000,,,7.30000024873334E-8,,,
1465657672305000,,,,3.599999942593968E-8,,
1465657672336000,,,6.500000182541044E-8,,,
1465657678301000,,,,3.199999909497819E-8,,
1465657678336000,,,5.60000010807471E-8,,,
1465657681301000,,,,,,1.2278991157188557E-8
1465657685347000,,,5.000000058430487E-8,,,
1465657687302000,,,,2.800000054037355E-8,,
1465657693340000,,,4.5000000170603016E-8,,,
1465657694297000,,,,2.5000000292152436E-8,,
1465657698299000,,,,,,9.765590114341194E-9
1465657700333000,,,3.999999975690116E-8,,,
1465657703300000,,,,2.2000000043931323E-8,,
1465657704338000,,,,,1.9380690829962077E-8,
1465657706340000,3.299999995487468E-10,,,,,
1465657708342000,,,3.4999999343199306E-8,,,
1465657710337000,3.7000000285836165E-10,,,,,
1465657711297000,,,,1.899999979571021E-8,,
1465657715345000,,,3.099999901223782E-8,,,
1465657717346000,4.200000069953802E-10,,,,,
1465657719301000,,,,1.6999999630229468E-8,,
1465657723335000,,,2.7000000457633178E-8,,,
1465657729305000,,,,1.4999999464748726E-8,,
1465657729337000,,,2.4000000209412065E-8,,,
1465657732297000,,3.100000034450545E-9,,,,
1465657734341000,3.6000000203095794E-10,,,,,
1465657736338000,,,1.999999987845058E-8,,,
1465657738343000,,,1.799999971296984E-8,,,
1465657740306000,,,,1.3000000187446403E-8,,
1465657740339000,3.199999987213431E-10,,,,,
1465657744339000,,,1.5999999547489097E-8,,,
1465657753335000,,,1.4000000270186774E-8,,,
1465657757301000,,,,1.1000000021965661E-8,,
1465657763341000,,,1.2000000104706032E-8,,,
1465657776305000,,3.5000000675466936E-9,,,,
1465657778339000,,,9.99999993922529E-9,,,
1465657779306000,,,,9.899999930951253E-9,,
1465657779807000,,,,,1.7377512762095648E-8,
1465657789300000,,,,8.899999848210882E-9,,
1465657789943000,,,,,,8.785439042924281E-9
1465657795340000,,,8.899999848210882E-9,,,
1465657801296000,,,,7.999999773744548E-9,,
1465657806340000,,,7.999999773744548E-9,,,
1465657814295000,,,,7.100000143367424E-9,,
1465657817341000,,,7.100000143367424E-9,,,
1465657828304000,,,,6.3000000771751274E-9,,
1465657829335000,,,6.3000000771751274E-9,,,
1465657839303000,,3.3000000509986194E-9,,,,
1465657840714000,2.8999999623913197E-10,,,,,
1465657842341000,,,5.600000019256868E-9,,,
1465657844296000,,,,5.600000019256868E-9,,
1465657853336000,,,4.999999969612645E-9,,,
1465657858297000,,,,4.999999969612645E-9,,
1465657868344000,,,4.49999992824246E-9,,,
1465657876304000,,,,4.49999992824246E-9,,
1465657881437000,,,,,,7.89052378991073E-9
1465657882345000,,,3.999999886872274E-9,,,
1465657897295000,,,,3.999999886872274E-9,,
1465657901298000,,3.3000000509986194E-9,,,,
1465657904333000,,,3.5000000675466936E-9,,,
1465657914342000,3.099999978939394E-10,,,,,
1465657927297000,,,,3.5000000675466936E-9,,
1465657927342000,,,3.100000034450545E-9,,,
1465657961342000,,,2.7000000013543968E-9,,,
1465657963300000,,3.2000000427245823E-9,,3.100000034450545E-9,,
1465657999346000,,,2.3999999765322855E-9,,,
1465658006298000,,,,,,8.84417605817589E-9
1465658013302000,,,,2.7000000013543968E-9,,
1465658023743000,2.999999970665357E-10,,,,,
1465658026298000,,3.2000000427245823E-9,,,,
1465658053347000,,,2.099999951710174E-9,,,
1465658063302000,,,,2.3999999765322855E-9,,
1465658071340000,,,,,1.549082284668657E-8,
1465658074714000,,,,,,8.84417605817589E-9
1465658089298000,,3.4000000592726565E-9,,,,
1465658105155000,2.8999999623913197E-10,,,,,
1465658133344000,,,1.8000000379103653E-9,,,
1465658135831000,,,,,1.549082284668657E-8,
1465658143300000,,,,2.099999951710174E-9,,
1465658147300000,,,,,,8.80741790609818E-9
1465658152297000,,3.3000000509986194E-9,,,,
1465658205295000,,,,1.8999999351621E-9,,
1465658210340000,,,1.6000000213622911E-9,,,
1465658212299000,,3.5000000675466936E-9,,,,
1465658212348000,2.999999970665357E-10,,,,,
1465658241298000,,,,,,9.007703027918978E-9
1465658275296000,,,,,,1.1373335162545573E-8
1465658276301000,,,,1.7000000296363282E-9,,
1465658278305000,,3.3000000509986194E-9,,,,
1465658288379000,2.999999970665357E-10,,,,,
1465658322337000,,,1.400000004814217E-9,,,
1465658342303000,,3.2000000427245823E-9,,,,
1465658344333000,3.299999995487468E-10,,,,,
1465658351307000,,,,,,1.2454077769064043E-8
1465658382295000,,,,1.500000013088254E-9,,
1465658384336000,3.7000000285836165E-10,,,,,
1465658389299000,,,,,,1.0121636861981642E-8
1465658389894000,,,1.400000004814217E-9,,,
1465658403297000,,3.4000000592726565E-9,,,,
1465658403338000,4.100000061679765E-10,,,,,
1465658420342000,4.6000001030499504E-10,,,,,
1465658431345000,5.09999986686438E-10,,,,,
1465658442343000,5.699999916508602E-10,,,,,
1465658444303000,,,,1.400000004814217E-9,,
1465658452351000,6.299999966152825E-10,,,,,
1465658460965000,,,1.2999999965401798E-9,,,
1465658463297000,,,,,,1.2217794775892798E-8
1465658463335000,7.100000032345122E-10,,,,,
1465658470295000,,3.3000000509986194E-9,,,,
1465658473335000,8.000000106811456E-10,,,,,
1465658479301000,,,,,,1.0240341907774564E-8
1465658484342000,8.90000018127779E-10,,,,,
1465658490298000,,,,,,1.184705578083367E-8
1465658493338000,9.899999708906648E-10,,,,,
1465658503344000,1.0999999799921056E-9,,,,,
1465658507298000,,3.7000000840947678E-9,,,,
1465658509340000,,,,,1.3843505897170871E-8,
1465658510299000,,,,,,8.970275189312815E-9
1465658511833000,,,,1.400000004814217E-9,,
1465658518344000,1.2999999965401798E-9,,,,,
1465658533338000,1.500000013088254E-9,,,,,
1465658536297000,,4.099999895146311E-9,,,,
1465658542219000,,,1.1999999882661427E-9,,,
1465658546339000,1.7000000296363282E-9,,,,,
1465658551303000,,4.599999936516497E-9,,,,
1465658561347000,1.8999999351621E-9,,,,,
1465658566298000,,,,,,1.1138983069258757E-8
1465658567305000,,5.099999977886682E-9,,,,
1465658572708000,,,,,1.3843505897170871E-8,
1465658573342000,2.099999951710174E-9,,,,,
1465658574303000,,,,,,8.947889540422693E-9
1465658582918000,,,,1.2999999965401798E-9,,
1465658584299000,,5.700000027530905E-9,,,,
1465658598297000,,6.3000000771751274E-9,,,,
1465658599341000,2.3999999765322855E-9,,,,,
1465658610296000,,7.000000135093387E-9,,,,
1465658628303000,,7.799999757196474E-9,,,,
1465658641299000,,8.599999823388771E-9,,,,
1465658643957000,,,1.0999999799921056E-9,,,
1465658644000000,,,,,,8.947889540422693E-9
1465658654184000,,,,1.1999999882661427E-9,,
1465658654228000,,,,,1.5672481978867836E-8,
1465658658306000,,9.499999897855105E-9,,,,
1465658672300000,,,,,,1.0729237942541658E-8
1465658694789000,2.5999999930803597E-9,,,,,
1465658704300000,,1.1000000021965661E-8,,,,
1465658705340000,,,9.999999717180685E-10,,,
1465658725431000,,,,,1.3936045206719427E-8,
1465658732302000,,1.3000000187446403E-8,,,,
1465658745302000,,,,,,1.0578421694162898E-8
1465658754334000,2.900000017902471E-9,,,,,
1465658755984000,,,,1.0999999799921056E-9,,
1465658762297000,,1.4999999464748726E-8,,,,
1465658766146000,,,9.999999717180685E-10,,,
1465658806822000,,,,,,1.0578421694162898E-8
1465658832308000,,1.4999999464748726E-8,,,,
1465658846340000,3.000000026176508E-9,,,,,
1465658847477000,,,,,1.3959281730535622E-8,
1465658865341000,,,9.899999708906648E-10,,,
1465658874299000,,,,,,1.064026200481294E-8
1465658877858000,,,,9.999999717180685E-10,,
1465658884335000,3.3000000509986194E-9,,,,,
1465658903343000,3.7000000840947678E-9,,,,,
1465658912303000,,,,,,1.3345407445797264E-8
1465658916341000,4.099999895146311E-9,,,,,
1465658920297000,,1.3000000187446403E-8,,,,
1465658928340000,4.599999936516497E-9,,9.599999684084537E-10,,,
1465658928551000,,,,,1.2402328941618634E-8,
1465658937344000,5.099999977886682E-9,,,,,
1465658949302000,,,,,,9.929606470393537E-9
1465658950338000,5.800000035804942E-9,,,,,
1465658958336000,6.600000101997239E-9,,,,,
1465658960294000,,,,9.899999708906648E-10,,
1465658967337000,7.3000001599154984E-9,,,,,
1465658975349000,8.29999979856666E-9,,,,,
1465658976302000,,1.1000000021965661E-8,,,,
1465658984343000,9.199999873032993E-9,,,,,
1465658996335000,1.1000000021965661E-8,,,,,
1465659003350000,,,9.200000206099901E-10,,,
1465659005341000,1.3000000187446403E-8,,,,,
1465659009904000,,,,,1.3866589654298878E-8,
1465659018351000,1.4999999464748726E-8,,,,,
1465659024303000,,,,9.4999996758105E-10,,
1465659028341000,1.6999999630229468E-8,,,,,
1465659037340000,1.899999979571021E-8,,,,,
1465659045300000,,9.899999930951253E-9,,,,
1465659045333000,2.099999996119095E-8,,,,,
1465659056296000,,,,,,9.888347918263207E-9
1465659058339000,2.4000000209412065E-8,,,,,
1465659066339000,,,8.90000018127779E-10,,,
1465659069343000,2.7000000457633178E-8,,,,,
1465659079342000,2.999999892949745E-8,,,,,
1465659088299000,,1.1000000021965661E-8,,,,
1465659088344000,3.2999999177718564E-8,,,,,
1465659090300000,,,,9.399999667536463E-10,,
1465659096339000,3.699999950868005E-8,,,,,
1465659109338000,4.099999983964153E-8,,,,,
1465659117300000,,,,,,8.748934909874606E-9
1465659119293000,,1.3000000187446403E-8,,,,
1465659120342000,4.600000025334339E-8,,,,,
1465659128343000,5.100000066704524E-8,,,,,
1465659139333000,5.700000116348747E-8,,8.600000156455678E-10,,,
1465659149349000,6.399999818995639E-8,,,,,
1465659150302000,,1.4999999464748726E-8,,9.100000197825864E-10,,
1465659162340000,7.199999885187935E-8,,,,,
1465659164293000,,1.6999999630229468E-8,,,,
1465659171298000,,1.899999979571021E-8,,,,
1465659175339000,7.999999951380232E-8,,,,,
1465659186347000,8.800000017572529E-8,,,,,
1465659187298000,,2.099999996119095E-8,,,,
1465659198341000,9.8000001003129E-8,,,,,
1465659201298000,,2.4000000209412065E-8,,,,
1465659213299000,,2.7000000457633178E-8,,,,
1465659214303000,,,,8.800000173003752E-10,,
1465659217346000,1.1000000199601345E-7,,,,,
1465659222334000,,,8.300000131633567E-10,,,
1465659223549000,,,,,,9.847251014605263E-9
1465659226296000,,2.999999892949745E-8,,,,
1465659237303000,,3.2999999177718564E-8,,,,
1465659243336000,1.3000000365082087E-7,,,,,
1465659248301000,,3.699999950868005E-8,,,,
1465659259297000,,4.099999983964153E-8,,,,
1465659266339000,1.500000053056283E-7,,,,,
1465659273293000,,4.600000025334339E-8,,,,
1465659275298000,,,,8.600000156455678E-10,,
1465659288302000,,,,,,1.213666678268055E-8
1465659290302000,,5.100000066704524E-8,,,,
1465659290336000,1.700000069604357E-7,,,,,
1465659294338000,,,8.000000106811456E-10,,,
1465659296346000,2.0000000233721948E-7,,,,,
1465659298342000,1.8000000068241206E-7,,,,,
1465659307301000,,5.700000116348747E-8,,,,
1465659321295000,,6.30000016599297E-8,,,,
1465659324342000,2.0000000233721948E-7,,,,,
1465659335306000,,,,8.000000106811456E-10,,
1465659336302000,,6.999999868639861E-8,,,,
1465659349342000,2.200000039920269E-7,,,,,
1465659352300000,,,,,,1.204603172766383E-8
1465659353301000,,7.700000281829489E-8,,,,
1465659356340000,,,7.800000090263381E-10,,,
1465659371302000,,8.500000348021786E-8,,,,
1465659389300000,,9.400000067216752E-8,,,,
1465659390338000,2.499999993688107E-7,,,,,
1465659402303000,,,,7.600000073715307E-10,,
1465659417340000,,,7.600000073715307E-10,,,
1465659420304000,,,,,,1.0702473574042415E-8
1465659424303000,,1.1000000199601345E-7,,,,
1465659430340000,2.7999999474559445E-7,,,,,
1465659443304000,,1.3000000365082087E-7,,,,
1465659458297000,,1.500000053056283E-7,,,,
1465659463301000,,,,7.200000040619159E-10,,
1465659471300000,,1.700000069604357E-7,,,,
1465659475300000,,1.8999999440438842E-7,,,,
1465659479338000,3.099999901223782E-7,,,,,
1465659483339000,,,7.400000057167233E-10,,,
1465659485340000,,,,,1.5298496691684704E-8,
1465659487543000,,,,,,1.0702473574042415E-8
1465659488309000,,2.0999999605919584E-7,,,,
1465659491298000,,2.399999914359796E-7,,,,
1465659506296000,,2.699999868127634E-7,,,,
1465659518307000,,3.000000106112566E-7,,,,
1465659524305000,,3.400000139208714E-7,,,,
1465659536299000,,,,6.900000015797048E-10,,
1465659539300000,,3.899999967416079E-7,,,,
1465659542295000,,4.3000000005122274E-7,,,,
1465659543342000,3.4999999343199306E-7,,,,,
1465659548561000,,,,,1.5298496691684704E-8,
1465659553351000,,,7.200000040619159E-10,,,
1465659573301000,,4.799999828719592E-7,,,,
1465659589299000,,,,,,8.399098305744701E-9
1465659606301000,,5.300000225361146E-7,,,,
1465659610304000,,,,6.699999999248973E-10,,
1465659613336000,3.7999998880877683E-7,,,,,
1465659621344000,,,7.000000024071085E-10,,,
1465659660098000,,,,,1.3546985755397145E-8,
1465659670302000,,5.6999999742402E-7,,,,
1465659675304000,,5.100000066704524E-7,,,,
1465659680429000,,,,,,9.477137297153604E-9
1465659681303000,,,,6.499999982700899E-10,,
1465659687298000,,5.80000005356851E-7,,,,
1465659691304000,,5.200000146032835E-7,,,,
1465659696346000,4.1000001260727004E-7,,6.80000000752301E-10,,,
1465659703303000,,5.80000005356851E-7,,,,
1465659707303000,,5.200000146032835E-7,,,,
1465659719300000,,5.900000132896821E-7,,,,
1465659724293000,,5.300000225361146E-7,,,,
1465659736295000,,5.900000132896821E-7,,,,
1465659739306000,,5.300000225361146E-7,,,,
1465659745346000,4.599999954280065E-7,,,,,
1465659753299000,,6.000000212225132E-7,,,,
1465659756297000,,5.399999736255268E-7,,,,
1465659769303000,,6.000000212225132E-7,,,,8.992716793443378E-9
1465659771298000,,5.399999736255268E-7,,,,
1465659772296000,,,,6.299999966152825E-10,,
1465659774338000,,,6.599999990974936E-10,,,
1465659777348000,5.100000066704524E-7,,,,,
1465659785306000,,6.000000212225132E-7,,,,
1465659789304000,,5.399999736255268E-7,,,,
1465659801297000,,6.099999723119254E-7,,,,
1465659804301000,,5.399999736255268E-7,,,,
1465659813340000,5.6999999742402E-7,,,,,
1465659817300000,,6.099999723119254E-7,,,,
1465659822298000,,5.399999736255268E-7,,,,
1465659833304000,,6.000000212225132E-7,,,,
1465659835300000,,,,,,9.71691083151427E-9
1465659838306000,,5.399999736255268E-7,,,,
1465659850301000,,6.099999723119254E-7,,,,
1465659851295000,,,,6.099999949604751E-10,,
1465659856305000,,5.399999736255268E-7,,,,
1465659859343000,6.299999881775875E-7,,6.399999974426862E-10,,,
1465659865302000,,6.099999723119254E-7,,,,
1465659915304000,,,,5.999999941330714E-10,,
1465659921347000,,,6.299999966152825E-10,,,
1465659923342000,6.999999868639861E-7,,,,,
1465659926294000,,,,,,1.2248360548028359E-8
1465659927297000,,5.6999999742402E-7,,,,
1465659945300000,,,,,,9.863671657228679E-9
1465659976303000,,,,5.899999933056677E-10,,
1465659978295000,,6.299999881775875E-7,,,,
1465659981298000,,5.599999894911889E-7,,,,
1465659985344000,7.500000265281415E-7,,,,,
1465660009306000,,6.199999802447564E-7,,,,
1465660014302000,,5.499999815583578E-7,,,,
1465660015343000,,,6.099999949604751E-10,,,
1465660025304000,,6.299999881775875E-7,,,,
1465660029306000,,5.599999894911889E-7,,,,9.937886069621982E-9
1465660041299000,,6.199999802447564E-7,,,,
1465660045300000,,5.499999815583578E-7,,,,
1465660053337000,7.900000014160469E-7,,,,,
1465660054303000,,,,5.699999916508602E-10,,
1465660057302000,,6.199999802447564E-7,,,,
1465660063301000,,5.499999815583578E-7,,,,
1465660097543000,,,,,,9.937886069621982E-9
1465660105298000,,6.099999723119254E-7,,,,
1465660106333000,,,5.899999933056677E-10,,,
1465660115339000,8.200000252145401E-7,,,,,
1465660118297000,,,,5.599999908234565E-10,,
1465660166306000,,5.6999999742402E-7,,,,
1465660168536000,,,5.899999933056677E-10,,,
1465660180294000,,,,5.599999908234565E-10,,
1465660189335000,8.399999842367833E-7,,,,,
1465660209148000,,,,,,8.763516134990823E-9
1465660228301000,,5.599999894911889E-7,,,,
1465660255336000,8.499999921696144E-7,,,,,
1465660276338000,,,5.599999908234565E-10,,,
1465660291299000,,5.599999894911889E-7,,,,
1465660300624000,,,,5.399999891686491E-10,,
1465660310811000,,,,,,9.68459445971348E-9
1465660316344000,8.600000001024455E-7,,,,,
1465660340343000,,,5.599999908234565E-10,,,
1465660354303000,,5.499999815583578E-7,,,,
1465660363300000,,,,5.299999883412454E-10,,
1465660380347000,8.600000001024455E-7,,,,,
1465660382041000,,,,,,8.647518257021147E-9
1465660382342000,,,,,1.5184280499624947E-8,
1465660418297000,,5.499999815583578E-7,,,,
1465660425304000,,,,5.09999986686438E-10,,
1465660450343000,,,5.299999883412454E-10,,,
1465660463472000,,,,,1.3546985755397145E-8,
1465660473556000,8.600000001024455E-7,,,,,
1465660481302000,,5.499999815583578E-7,,,,
1465660492297000,,,,4.999999858590343E-10,,
1465660493843000,,,,,,9.628299935116047E-9
1465660543295000,,5.399999736255268E-7,,,,
1465660560299000,,,,4.899999850316306E-10,,
1465660565298000,,,,,,9.63631929806752E-9
1465660575094000,,,5.199999875138417E-10,,,
1465660593337000,8.399999842367833E-7,,,,,
1465660600302000,,4.799999828719592E-7,,,,
1465660606341000,7.500000265281415E-7,,,,,
1465660609295000,,4.3000000005122274E-7,,,,
1465660611306000,,,,,,8.164599663018635E-9
1465660614337000,6.700000199089118E-7,,,,,
1465660615295000,,3.700000092976552E-7,,,,
1465660618296000,,3.3000000598804036E-7,,,,
1465660618340000,,,,,1.2156892381653961E-8,
1465660620347000,6.000000212225132E-7,,,,,
1465660627341000,5.399999736255268E-7,,,,,
1465660629301000,,2.900000026784255E-7,,,,
1465660632302000,,2.6000000730164174E-7,,,,
1465660633349000,4.799999828719592E-7,,,,,
1465660636299000,,2.2999999771400326E-7,,,,
1465660640338000,4.3000000005122274E-7,,,,,
1465660646302000,,,,4.799999842042268E-10,,
1465660646346000,3.700000092976552E-7,,,,,
1465660647303000,,2.0000000233721948E-7,,,,
1465660648303000,,1.8000000068241206E-7,,,,
1465660650334000,,,4.999999858590343E-10,,,
1465660652303000,,1.5999999902760464E-7,,,,
1465660652344000,3.199999980552093E-7,,,,,
1465660659342000,2.7999999474559445E-7,,,,,
1465660661304000,,1.3999999737279722E-7,,,,
1465660664300000,,1.199999957179898E-7,,,,
1465660665343000,2.499999993688107E-7,,,,,
1465660670297000,,1.0000000116860974E-7,,,,
1465660671333000,2.0999999605919584E-7,,,,,
1465660674303000,,1.1000000199601345E-7,,,,
1465660676812000,,,,,,8.164599663018635E-9
1465660679299000,,9.600000083764826E-8,,,,
1465660680344000,1.8000000068241206E-7,,,,,
1465660681300000,,8.39999998447638E-8,,,,
1465660684344000,1.5999999902760464E-7,,,,,
1465660686976000,,,,,1.2156892381653961E-8,
1465660687304000,,7.500000265281415E-8,,,,
1465660691349000,1.3999999737279722E-7,,,,,
1465660695301000,,6.399999818995639E-8,,,,
1465660697349000,1.199999957179898E-7,,,,,
1465660699298000,,5.700000116348747E-8,,,,
1465660704298000,,5.100000066704524E-8,,,,
1465660705337000,1.0000000116860974E-7,,,,,
1465660708307000,,5.700000116348747E-8,,,,
1465660712293000,,4.800000041882413E-8,,,,
1465660714299000,,4.3000000005122274E-8,,,,
1465660714344000,8.800000017572529E-8,,,,,
1465660717470000,,,4.999999858590343E-10,,,
1465660720299000,,3.799999959142042E-8,,,,
1465660720338000,7.700000281829489E-8,,,,,
1465660727296000,,,,4.6000001030499504E-10,,
1465660727348000,6.700000199089118E-8,,,,,
1465660730304000,,3.2999999177718564E-8,,,,
1465660733339000,5.800000124622784E-8,,,,,
1465660736292000,,2.900000062311392E-8,,,,
1465660738305000,,,,,,8.253478789299606E-9
1465660739340000,5.200000074978561E-8,,,,,
1465660742295000,,3.3999999260458935E-8,,,,
1465660746300000,,2.800000054037355E-8,,,,
1465660746347000,4.5000000170603016E-8,,,,,
1465660748300000,,2.4000000209412065E-8,,,,
1465660754344000,3.899999967416079E-8,,,,,
1465660758070000,,,,,1.3468225645851817E-8,
1465660759303000,,2.7000000457633178E-8,,,,
1465660761338000,3.4999999343199306E-8,,,,,
1465660762301000,,2.3000000126671694E-8,,,,
1465660764296000,,1.999999987845058E-8,,,,
1465660768297000,,1.799999971296984E-8,,,,
1465660769305000,,,,,,1.0062801258925447E-8
1465660769341000,3.099999901223782E-8,,,,,
1465660775304000,,1.999999987845058E-8,,,,
1465660778340000,2.7000000457633178E-8,,,,,
1465660779302000,,1.799999971296984E-8,,,,
1465660781300000,,1.5999999547489097E-8,,,,
1465660782344000,,,4.799999842042268E-10,,,
1465660788347000,2.4000000209412065E-8,,,,,
1465660791300000,,1.799999971296984E-8,,,,
1465660795298000,,1.5999999547489097E-8,,,,
1465660797307000,,1.4000000270186774E-8,,4.6000001030499504E-10,,
1465660797339000,2.099999996119095E-8,,,,,
1465660808302000,,1.5999999547489097E-8,,,,
1465660811292000,,1.3000000187446403E-8,,,,
1465660812343000,1.799999971296984E-8,,,,,
1465660816303000,,1.1000000021965661E-8,,,,
1465660822342000,1.5999999547489097E-8,,,,,
1465660824292000,,1.4999999464748726E-8,,,,
1465660828298000,,1.2000000104706032E-8,,,,
1465660830302000,,9.99999993922529E-9,,,,
1465660837341000,1.4000000270186774E-8,,,,,
1465660839301000,,1.2000000104706032E-8,,,,
1465660840303000,,1.799999971296984E-8,,,,
1465660841298000,,2.6000000374892807E-8,,,,
1465660843305000,,1.6999999630229468E-8,,,,
1465660844301000,,1.2000000104706032E-8,,,,
1465660846296000,,9.99999993922529E-9,,,,
1465660849393000,,,4.799999842042268E-10,,,
1465660849460000,,,,,1.3740137916329331E-8,
1465660854347000,1.2000000104706032E-8,,,,,
1465660856297000,,1.2000000104706032E-8,,,,
1465660858305000,,1.4999999464748726E-8,,,,
1465660859302000,,1.6999999630229468E-8,,,,
1465660860304000,,1.4999999464748726E-8,,,,
1465660861301000,,1.1000000021965661E-8,,,,
1465660862304000,,9.599999906129142E-9,,,,
1465660864300000,,8.399999806840697E-9,,,,
1465660869714000,,,,,,8.985233002078985E-9
1465660871340000,9.99999993922529E-9,,,,,
1465660872296000,,9.399999889581068E-9,,,,
1465660873301000,,1.3000000187446403E-8,,,,
1465660874298000,,1.6999999630229468E-8,,,,
1465660876306000,,1.3000000187446403E-8,,,,
1465660877302000,,9.99999993922529E-9,,,,
1465660878296000,,8.799999839936845E-9,,,,
1465660881296000,,7.699999748922437E-9,,,,
1465660888297000,,8.499999815114734E-9,,,,
1465660890300000,,1.2000000104706032E-8,,,,
1465660891299000,,1.6999999630229468E-8,,,,
1465660893299000,,1.2000000104706032E-8,,,,
1465660894294000,,9.29999988130703E-9,,,,
1465660895303000,,7.999999773744548E-9,,,,
1465660896306000,,,,4.300000078227839E-10,,
1465660897299000,,7.000000135093387E-9,,,,
1465660899342000,8.99999985648492E-9,,,,,
1465660906302000,,9.29999988130703E-9,,,,
1465660910300000,,7.699999748922437E-9,,,,
1465660910422000,,,4.699999833768231E-10,,,
1465660913307000,,6.90000012681935E-9,,,,
1465660922345000,7.999999773744548E-9,,,,,
1465660923304000,,8.799999839936845E-9,,,,
1465660924296000,,9.99999993922529E-9,,,,
1465660926299000,,8.99999985648492E-9,,,,
1465660927305000,,7.5999997406484E-9,,,,
1465660929296000,,6.4000000854491645E-9,,,,
1465660940306000,,7.799999757196474E-9,,,,
1465660942297000,,6.500000093723202E-9,,,,
1465660946301000,,5.800000035804942E-9,,,,
1465660948340000,7.100000143367424E-9,,,,,
1465660962301000,,,,,,9.95444793261413E-9
1465660969337000,,,,,1.2309722130510181E-8,
1465660970305000,,6.4000000854491645E-9,,,,
1465660971297000,,7.200000151641461E-9,,,,
1465660976301000,,6.4000000854491645E-9,,,,
1465660979340000,6.3000000771751274E-9,,,,,
1465660992301000,,7.699999748922437E-9,,,,
1465660993296000,,6.4000000854491645E-9,,,,
1465660994306000,,7.699999748922437E-9,,,,
1465660995299000,,5.800000035804942E-9,,4.200000069953802E-10,,
1465660997303000,,7.200000151641461E-9,,,,
1465660998306000,,6.20000006890109E-9,,,,
1465661000305000,,7.4000001681895355E-9,,,,
1465661003296000,,5.600000019256868E-9,,,,
1465661014296000,,4.999999969612645E-9,,,,
1465661020340000,5.600000019256868E-9,,,,,
1465661021294000,,5.500000010982831E-9,,,,
1465661022719000,,,4.6000001030499504E-10,,,
1465661032916000,,,,,1.2309722130510181E-8,
1465661054304000,,6.20000006890109E-9,,,,
1465661059300000,,5.4000000027087935E-9,,,,
1465661064340000,4.999999969612645E-9,,,,,
1465661070296000,,6.800000118545313E-9,,,,
1465661073596000,,,,,,8.92556872855721E-9
1465661074298000,,6.100000060627053E-9,,,,
1465661078302000,,5.2999999944347564E-9,,,,
1465661087306000,,,,4.100000061679765E-10,,
1465661088338000,,,4.400000086501876E-10,,,
1465661103897000,,,,,1.3546985755397145E-8,
1465661126345000,4.49999992824246E-9,,,,,
1465661139304000,,4.999999969612645E-9,,,,
1465661144296000,,,,,,1.0490674995367044E-8
1465661154683000,,,4.400000086501876E-10,,,
1465661155302000,,,,4.000000053405728E-10,,
1465661181305000,,,,,,8.504678739029714E-9
1465661192335000,4.099999895146311E-9,,,,,
1465661197297000,,4.49999992824246E-9,,,,
1465661216304000,,,,3.9000000451316907E-10,,
1465661218300000,,4.999999969612645E-9,,,,
1465661228338000,,,4.200000069953802E-10,,1.2187306275279752E-8,
1465661234295000,,,,,,1.0613718792740201E-8
1465661240300000,,4.3999999199684225E-9,,,,
1465661271297000,,4.899999961338608E-9,,,,
1465661277299000,,5.700000027530905E-9,,3.8000000368576536E-10,,
1465661282293000,,4.999999969612645E-9,,,,
1465661283345000,3.7000000840947678E-9,,,,,
1465661296899000,,,4.200000069953802E-10,,,
1465661301301000,,,,,,9.136143397370233E-9
1465661306294000,,5.600000019256868E-9,,,,
1465661307307000,,7.999999773744548E-9,,,,
1465661309301000,,9.99999993922529E-9,,,,
1465661310304000,,1.4000000270186774E-8,,,,
1465661312302000,,8.699999831662808E-9,,,,
1465661313301000,,6.4000000854491645E-9,,,,
1465661314304000,,5.199999986160719E-9,,,,
1465661325305000,,6.90000012681935E-9,,,,
1465661327300000,,5.800000035804942E-9,,,,
1465661328300000,,5.099999977886682E-9,,,,
1465661339303000,,,,3.6000000203095794E-10,,
1465661347802000,,,,,1.347944333929263E-8,
1465661356346000,3.4000000592726565E-9,,,,,
1465661358346000,,,4.200000069953802E-10,,,
1465661368082000,,,,,,9.136143397370233E-9
1465661390306000,,4.699999944790534E-9,,,,
1465661419343000,3.2000000427245823E-9,,,,,
1465661439264000,,,,,,8.069957146972229E-9
1465661442295000,,6.000000052353016E-9,,,,
1465661443301000,,4.699999944790534E-9,,,,
1465661444304000,,5.4000000027087935E-9,,3.8000000368576536E-10,,
1465661445298000,,4.799999953064571E-9,,,,
1465661446298000,,6.20000006890109E-9,,,,
1465661448300000,,4.899999961338608E-9,,,,
1465661449297000,,5.900000044078979E-9,,,,
1465661449456000,,,4.100000061679765E-10,,,
1465661450293000,,5.199999986160719E-9,,,,
1465661485344000,,,,,1.4834276029773719E-8,
1465661500338000,3.000000026176508E-9,,,,,
1465661508297000,,,,3.7000000285836165E-10,,
1465661513302000,,4.899999961338608E-9,,,,
1465661556308000,,,,,,7.260001044784303E-9
1465661561219000,,,4.000000053405728E-10,,,
1465661561242000,,,,,1.3016110855801344E-8,
1465661570299000,,,,3.6000000203095794E-10,,
1465661576298000,,4.699999944790534E-9,,,,
1465661585345000,2.800000009628434E-9,,,,,
1465661622361000,,,,,,7.260001044784303E-9
1465661632299000,,,,3.6000000203095794E-10,,
1465661632524000,,,,,1.4456202457324707E-8,
1465661642304000,,4.599999936516497E-9,,,,
1465661662961000,,,3.9000000451316907E-10,,,
1465661674297000,,5.199999986160719E-9,,,,
1465661679306000,,4.599999936516497E-9,,,,
1465661685301000,,,,,,8.01637156655488E-9
1465661685344000,2.5999999930803597E-9,,,,,
1465661709306000,,,,3.5000000120355423E-10,,
1465661716335000,,,,,1.5962294597215987E-8,
1465661725345000,,,3.8000000368576536E-10,,,
1465661741303000,,4.49999992824246E-9,,,,
1465661754458000,,,,,,8.01637156655488E-9
1465661771294000,,,,3.6000000203095794E-10,,
1465661780343000,,,,,1.4205570053604788E-8,
1465661791338000,2.3999999765322855E-9,,,,,
1465661795061000,,,3.8000000368576536E-10,,,
1465661803301000,,4.799999953064571E-9,,,,
1465661830295000,,,,,,8.79275674492419E-9
1465661833296000,,4.2999999116943854E-9,,,,
1465661836300000,,,,3.400000003761505E-10,,
1465661855300000,,4.799999953064571E-9,,,,
1465661859336000,2.2999999682582484E-9,,,,,
1465661866227000,,,,,1.5790403651294582E-8,
1465661876397000,,,3.7000000285836165E-10,,,
1465661877304000,,4.2999999116943854E-9,,,,
1465661885298000,,4.799999953064571E-9,,,,
1465661900298000,,,,3.400000003761505E-10,,
1465661922302000,,4.199999903420348E-9,,,,
1465661925341000,2.1999999599842113E-9,,,,,
1465661933337000,,,,,1.5935738062466953E-8,
1465661934301000,,4.799999953064571E-9,,,,
1465661935294000,,,,,,9.83905668050511E-9
1465661942301000,,4.2999999116943854E-9,,,,
1465661967714000,,,,3.400000003761505E-10,,
1465661968296000,,,,,,7.753722108816419E-9
1465661998214000,,,3.6000000203095794E-10,,,
1465662006340000,2.099999951710174E-9,,,,,
1465662008293000,,4.199999903420348E-9,,,,
1465662033340000,,,,,1.4052595531666157E-8,
1465662034300000,,,,3.299999995487468E-10,,
1465662048971000,,,,,,8.604421175562038E-9
1465662059342000,,,3.5000000120355423E-10,,,
1465662069299000,,5.4000000027087935E-9,,,,
1465662070306000,,4.199999903420348E-9,,,,
1465662079545000,2.099999951710174E-9,,,,,
1465662080306000,,3.7000000840947678E-9,,,,
1465662082295000,,4.099999895146311E-9,,,,
1465662105294000,,,,3.199999987213431E-10,,
1465662106299000,,4.699999944790534E-9,,,,
1465662110014000,,,,,1.5477930048746202E-8,
1465662112304000,,4.199999903420348E-9,,,,
1465662120126000,,,3.5000000120355423E-10,,,
1465662120163000,,,,,,9.532558742364472E-9
1465662166304000,,,,3.299999995487468E-10,,
1465662172299000,,,,,,1.204603172766383E-8
1465662180340000,1.8999999351621E-9,,,,,
1465662182341000,,,3.5000000120355423E-10,,,
1465662184303000,,4.599999936516497E-9,,,,
1465662188296000,,4.099999895146311E-9,,,,
1465662197297000,,4.599999936516497E-9,,,,
1465662218303000,,,,,,9.492940655775328E-9
1465662225299000,,,,,,1.1019031020964576E-8
1465662240308000,,4.099999895146311E-9,,,,
1465662252784000,,,3.400000003761505E-10,,,
1465662258336000,,,,,1.3831998657565236E-8,
1465662273123000,1.8999999351621E-9,,,,,
1465662273163000,,,,3.199999987213431E-10,,
1465662303297000,,3.7999998703242E-9,,,,
1465662305306000,,,,,,9.888347918263207E-9
1465662324022000,,,,,1.3831998657565236E-8,
1465662330297000,,,,,,1.2217794775892798E-8
1465662333339000,,,3.299999995487468E-10,,,
1465662337303000,,,,3.099999978939394E-10,,
1465662350296000,,,,,,9.620277907629315E-9
1465662374851000,1.8000000379103653E-9,,,,,
1465662375296000,,4.099999895146311E-9,,,,
1465662405399000,,,3.299999995487468E-10,,,
1465662415575000,,,,,,9.620277907629315E-9
1465662422340000,,,,,1.526033521770387E-8,
1465662446024000,,,,3.099999978939394E-10,,
1465662449304000,,3.899999878598237E-9,,,,
1465662473342000,,,3.199999987213431E-10,,,
1465662481301000,,,,,,8.371165094445132E-9
1465662486713000,1.7000000296363282E-9,,,,,
1465662486750000,,,,,1.526033521770387E-8,
1465662509308000,,3.899999878598237E-9,,,,
1465662515296000,,,,2.999999970665357E-10,,
1465662547622000,,,3.199999987213431E-10,,,
1465662552339000,1.7000000296363282E-9,,,,,
1465662568295000,,,,,,8.301736187377173E-9
1465662571303000,,3.899999878598237E-9,,,,
1465662609342000,,,,,1.3513166585710223E-8,
1465662618819000,,,,2.999999970665357E-10,,
1465662628950000,1.6000000213622911E-9,,,,,
1465662632299000,,4.099999895146311E-9,,,,
1465662645338000,,,3.099999978939394E-10,,,
1465662665298000,,,,,,8.164599663018635E-9
1465662669630000,,,,,1.3513166585710223E-8,
1465662692301000,,4.099999895146311E-9,,,,
1465662694346000,1.6000000213622911E-9,,,,,
1465662701306000,,,,2.8999999623913197E-10,,
1465662720343000,,,3.099999978939394E-10,,,
1465662730573000,,,,,,8.164599663018635E-9
1465662756297000,,3.999999886872274E-9,,,,
1465662771128000,1.500000013088254E-9,,,,,
1465662791651000,,,,2.8999999623913197E-10,,
1465662815338000,,,2.999999970665357E-10,,,
1465662816301000,,4.099999895146311E-9,,,,
1465662832255000,,,,,,7.86428255850069E-9
1465662855341000,1.400000004814217E-9,,,,,
1465662879302000,,4.099999895146311E-9,,,,
1465662883063000,,,2.999999970665357E-10,,,
1465662883306000,,,,2.7999999541172826E-10,,
1465662934008000,1.400000004814217E-9,,,,,
1465662939297000,,,,,,7.0690808762208235E-9
1465662942298000,,4.099999895146311E-9,,,,
1465662948305000,,,,2.8999999623913197E-10,,
1465662955335000,,,,,1.4883775101282026E-8,
1465663008335000,,,2.8999999623913197E-10,,,
1465663015188000,,,,2.7999999541172826E-10,,
1465663015224000,,,,,,7.812062108314421E-9
1465663016307000,,4.099999895146311E-9,,,,
1465663025415000,,,,,1.4883775101282026E-8,
1465663032341000,1.2999999965401798E-9,,,,,
1465663086341000,,,2.8999999623913197E-10,,,
1465663095297000,,4.099999895146311E-9,,,,
1465663104301000,,,,2.6999999458432455E-10,,
1465663106693000,,,,,1.3356534545039267E-8,
1465663116840000,,,,,,6.998774004784991E-9
1465663137073000,1.2999999965401798E-9,,,,,
1465663155301000,,4.099999895146311E-9,,,,
1465663164303000,,,,2.7999999541172826E-10,,
1465663188304000,,,,,,6.969700372394527E-9
1465663197340000,,,2.7999999541172826E-10,,,
1465663197985000,,,,,1.4748047227897132E-8,
